date,platform,post_type,likes,shares,comments,views
5/24/2023,Twitter,image,868,238,352,8836
2/23/2023,Twitter,image,944,610,146,5554
3/18/2023,Instagram,image,1067,858,365,4018
6/12/2023,Twitter,text,780,427,100,6999
2/3/2023,Instagram,text,836,893,443,5802
12/28/2022,Facebook,text,2019,763,445,9926
12/22/2022,Instagram,text,2163,130,465,5323
11/18/2022,Twitter,image,912,357,191,8977
1/9/2023,Twitter,text,1746,0,356,0
3/26/2023,Twitter,video,515,216,380,7090
9/17/2023,Twitter,text,406,425,114,5499
10/4/2023,Facebook,text,1795,754,475,6476
2/7/2023,Instagram,text,1389,565,296,6916
4/9/2023,Twitter,image,1111,671,452,7902
3/13/2023,Twitter,image,911,659,239,9796
5/26/2023,Twitter,image,2123,289,475,7414
6/11/2023,Facebook,image,1672,419,493,5762
8/30/2023,Instagram,image,807,576,283,4258
5/28/2023,Instagram,video,1588,279,352,0
2/14/2023,Instagram,text,2196,575,370,6150
1/18/2023,Twitter,image,490,219,432,6694
11/12/2022,Twitter,text,2012,287,215,9056
10/28/2022,Facebook,video,515,433,423,7151
8/17/2023,Instagram,video,1912,159,337,8048
6/2/2023,Twitter,text,1032,135,434,8452
1/11/2023,Instagram,video,1233,307,254,4479
8/15/2023,Instagram,video,545,158,388,6084
9/29/2023,Facebook,image,1168,512,335,8673
1/13/2023,Facebook,text,2129,122,151,7305
3/31/2023,Instagram,video,2185,466,327,7601
3/30/2023,Twitter,image,1729,762,467,6448
11/12/2022,Twitter,text,677,177,211,9726
3/12/2023,Instagram,image,816,356,471,5057
4/8/2023,Twitter,video,1521,775,238,8046
10/3/2023,Instagram,text,2132,271,265,4835
12/2/2022,Facebook,video,2114,540,476,4921
7/10/2023,Facebook,video,0,895,341,5521
5/1/2023,Facebook,video,1295,810,184,9081
8/21/2023,Instagram,text,1780,432,319,6389
4/10/2023,Facebook,image,1097,812,170,7979
2/18/2023,Instagram,image,1717,213,237,7745
8/29/2023,Twitter,video,1369,293,237,7795
12/18/2022,Instagram,video,1778,204,447,9218
12/7/2022,Twitter,video,1257,636,457,9449
5/16/2023,Instagram,video,1349,336,391,5075
6/17/2023,Instagram,text,504,210,279,5346
10/31/2022,Instagram,video,1065,863,388,8486
7/21/2023,Facebook,text,1482,797,119,6665
11/5/2022,Facebook,image,1182,733,389,4684
3/4/2023,Instagram,video,1254,652,373,8320
1/8/2023,Facebook,video,682,859,327,7050
12/5/2022,Facebook,video,599,782,190,5729
9/6/2023,Instagram,image,865,554,263,4506
3/12/2023,Twitter,text,1458,528,369,7399
2/13/2023,Instagram,video,1650,601,206,4784
7/22/2023,Twitter,image,604,577,273,6304
9/17/2023,Facebook,image,427,510,312,4739
8/31/2023,Twitter,video,2129,395,258,4836
1/2/2023,Facebook,image,645,458,278,7397
2/16/2023,Instagram,text,640,559,0,7495
3/26/2023,Twitter,image,1682,708,161,4328
3/13/2023,Facebook,image,2180,383,463,4367
12/18/2022,Instagram,text,1950,652,381,4503
7/24/2023,Twitter,text,1673,132,182,9886
1/12/2023,Twitter,video,531,273,317,9390
2/27/2023,Twitter,image,1943,376,234,8344
3/28/2023,Twitter,image,867,345,332,5637
4/14/2023,Twitter,video,1663,180,418,7151
6/8/2023,Instagram,image,845,259,120,8510
11/28/2022,Twitter,image,1486,461,254,4442
10/23/2022,Instagram,video,2027,889,413,5947
6/17/2023,Instagram,image,434,591,431,8802
7/20/2023,Facebook,text,1763,190,348,9504
10/2/2023,Twitter,image,457,544,408,8559
1/1/2023,Twitter,video,1427,669,140,4111
10/17/2022,Facebook,text,1227,641,320,8679
1/9/2023,Twitter,image,648,759,300,9726
11/22/2022,Facebook,text,1284,805,188,6708
9/11/2023,Twitter,video,973,428,274,9811
12/7/2022,Twitter,video,803,860,190,9791
12/17/2022,Instagram,image,1964,0,500,4621
7/27/2023,Instagram,video,1690,431,154,4965
11/24/2022,Instagram,image,1200,675,325,4348
10/20/2022,Instagram,text,1970,737,367,8536
3/12/2023,Twitter,image,451,896,351,7548
10/5/2023,Facebook,video,1987,744,158,7565
11/3/2022,Facebook,video,896,206,384,6887
12/16/2022,Instagram,text,1943,632,179,8109
10/5/2023,Instagram,image,1237,670,320,6449
11/9/2022,Facebook,video,918,252,157,6209
12/8/2022,Instagram,image,851,161,426,4655
4/26/2023,Instagram,video,1990,539,152,9731
5/12/2023,Instagram,image,1555,690,442,4954
5/1/2023,Facebook,image,2004,195,495,7140
2/15/2023,Instagram,image,804,818,245,6600
5/28/2023,Instagram,video,1822,325,426,4143
1/28/2023,Twitter,text,811,344,331,4043
3/28/2023,Twitter,text,1138,784,327,4026
10/30/2022,Instagram,text,1694,523,310,8930
5/12/2023,Twitter,text,1214,372,379,7173
1/22/2023,Twitter,image,446,582,119,6292
5/12/2023,Twitter,text,2199,845,224,8331
8/16/2023,Twitter,image,1993,104,115,7656
9/3/2023,Facebook,image,401,129,129,5146
2/17/2023,Twitter,text,1774,202,182,6604
7/21/2023,Twitter,text,1075,232,253,0
1/2/2023,Facebook,video,523,391,357,7180
11/26/2022,Instagram,text,562,267,256,6301
11/22/2022,Twitter,image,1685,539,160,6594
5/21/2023,Instagram,text,846,772,368,6897
11/18/2022,Twitter,text,805,602,137,6910
3/26/2023,Facebook,video,1423,196,390,4112
3/18/2023,Twitter,image,988,578,375,5306
4/15/2023,Twitter,image,1479,126,499,7422
11/22/2022,Instagram,image,1844,130,166,8228
10/5/2023,Instagram,video,1438,530,231,4651
9/6/2023,Facebook,text,857,0,376,8609
11/9/2022,Instagram,video,2146,553,365,5307
4/13/2023,Instagram,text,2000,142,192,9021
2/9/2023,Twitter,image,1276,306,376,4399
12/13/2022,Facebook,image,1713,468,425,5045
9/8/2023,Instagram,image,1420,301,101,4696
6/22/2023,Instagram,video,948,575,224,5653
6/23/2023,Instagram,video,2181,450,124,5595
12/2/2022,Twitter,image,934,501,254,8947
6/5/2023,Instagram,video,1745,621,263,9931
9/7/2023,Twitter,video,978,626,225,8076
10/27/2022,Facebook,image,1186,829,135,8335
2/16/2023,Twitter,text,1148,186,366,4182
3/26/2023,Twitter,text,522,805,288,7107
9/17/2023,Instagram,text,2105,557,139,8293
9/24/2023,Twitter,image,771,740,372,8329
12/6/2022,Instagram,image,403,866,412,9538
2/22/2023,Instagram,video,709,323,286,5098
4/6/2023,Instagram,image,1011,374,290,7425
8/8/2023,Instagram,video,762,603,109,7443
8/11/2023,Twitter,text,504,325,474,7354
7/21/2023,Facebook,video,1247,585,467,5158
6/22/2023,Instagram,video,931,593,442,8109
11/11/2022,Facebook,text,1059,676,157,9136
9/16/2023,Facebook,text,1767,199,241,6767
5/11/2023,Instagram,image,1763,855,263,9253
5/16/2023,Twitter,image,1126,203,480,7922
4/9/2023,Twitter,text,1840,642,267,5051
9/23/2023,Facebook,video,2041,142,214,6466
3/30/2023,Instagram,image,1118,735,301,4951
2/19/2023,Facebook,video,2193,429,265,4487
5/12/2023,Facebook,video,2066,466,430,5998
11/2/2022,Facebook,image,1888,803,247,7962
2/16/2023,Facebook,video,1528,443,0,9042
10/16/2022,Instagram,video,708,774,417,8055
8/4/2023,Twitter,text,1157,689,403,5443
8/23/2023,Twitter,image,1099,827,264,7677
10/12/2023,Instagram,text,1753,197,391,6430
7/25/2023,Instagram,video,1353,867,205,5421
3/27/2023,Facebook,text,504,641,429,4759
3/9/2023,Instagram,image,1403,418,457,5580
2/24/2023,Instagram,video,1688,732,499,9217
9/9/2023,Facebook,video,858,791,437,4369
3/21/2023,Instagram,video,1022,473,349,7241
10/16/2022,Facebook,video,578,228,296,8656
5/22/2023,Twitter,text,757,305,370,4760
7/11/2023,Facebook,image,549,882,194,6573
1/22/2023,Instagram,image,1006,415,428,6258
1/6/2023,Facebook,image,1904,481,475,7543
5/7/2023,Twitter,image,1450,879,267,4801
11/12/2022,Twitter,video,600,617,473,4243
9/22/2023,Facebook,image,1254,292,300,7117
12/23/2022,Twitter,video,1725,686,194,5801
10/4/2023,Instagram,image,1063,507,279,9742
9/15/2023,Facebook,image,1690,116,159,5027
11/9/2022,Facebook,text,1782,653,395,8650
5/28/2023,Twitter,text,1642,632,300,4685
6/25/2023,Instagram,video,1786,798,177,5507
11/3/2022,Instagram,text,1630,627,399,6347
10/17/2022,Facebook,image,1832,686,438,5704
6/6/2023,Instagram,text,1456,247,443,8417
10/2/2023,Twitter,image,1058,856,494,8142
6/19/2023,Facebook,image,1520,857,213,4886
7/4/2023,Instagram,video,1027,244,124,9194
9/13/2023,Facebook,video,2130,891,384,4459
9/12/2023,Instagram,text,572,638,120,6807
8/12/2023,Twitter,text,0,208,136,6571
6/17/2023,Facebook,image,1147,554,186,8072
12/28/2022,Instagram,image,822,755,388,9761
6/16/2023,Instagram,image,1022,498,200,5968
12/22/2022,Twitter,text,2146,416,208,6590
1/16/2023,Facebook,video,2194,591,118,9601
2/5/2023,Instagram,video,2025,319,437,7982
7/12/2023,Instagram,image,1875,623,142,8452
9/25/2023,Twitter,image,1469,448,466,7924
12/23/2022,Instagram,image,561,703,360,4874
5/2/2023,Instagram,video,1027,544,489,8136
8/6/2023,Facebook,video,1534,390,372,5419
6/26/2023,Facebook,video,551,430,434,7162
3/27/2023,Instagram,text,1182,513,392,4220
4/2/2023,Instagram,text,1844,157,214,4974
11/15/2022,Facebook,text,600,578,374,5558
11/14/2022,Instagram,text,1118,734,367,8681
8/9/2023,Twitter,video,648,146,168,5562
3/1/2023,Twitter,image,1059,896,234,8677
12/16/2022,Twitter,text,473,884,432,7694
9/8/2023,Instagram,text,1419,165,119,9729
6/15/2023,Twitter,video,1199,687,122,9634
5/10/2023,Instagram,image,913,564,480,4916
2/9/2023,Facebook,image,700,685,160,6439
8/8/2023,Twitter,text,1495,178,209,9049
12/21/2022,Facebook,image,806,809,461,5091
12/26/2022,Instagram,text,1520,801,269,9595
2/25/2023,Instagram,video,400,565,353,9100
6/2/2023,Twitter,text,867,532,416,4732
4/9/2023,Twitter,image,1113,204,449,6760
3/15/2023,Facebook,image,1935,634,359,5641
4/16/2023,Facebook,text,2035,645,398,4287
1/29/2023,Facebook,text,802,417,283,4389
3/17/2023,Instagram,text,679,423,159,8481
7/31/2023,Facebook,image,1195,832,393,9377
3/30/2023,Twitter,image,1073,609,256,6746
7/8/2023,Instagram,video,931,372,217,6686
6/1/2023,Instagram,video,981,452,398,9571
4/30/2023,Twitter,text,971,775,235,4158
6/24/2023,Facebook,text,808,671,170,8350
6/23/2023,Twitter,text,883,666,474,5774
10/9/2023,Facebook,video,419,152,157,8600
9/15/2023,Facebook,video,1476,835,441,7841
5/2/2023,Instagram,image,710,843,430,5983
1/30/2023,Instagram,image,2180,819,210,9989
3/2/2023,Twitter,video,2046,687,473,6985
2/13/2023,Facebook,text,1814,327,476,7160
2/28/2023,Instagram,video,1761,696,125,4556
9/25/2023,Facebook,text,1826,156,291,9977
9/2/2023,Facebook,text,1483,480,340,5492
9/28/2023,Instagram,video,1492,430,441,7191
9/21/2023,Instagram,image,1482,512,185,4073
4/6/2023,Twitter,text,587,764,167,8190
11/7/2022,Facebook,text,420,636,394,6543
5/11/2023,Twitter,text,958,573,447,5072
11/28/2022,Instagram,video,1932,691,425,4994
11/10/2022,Twitter,image,1154,708,273,6227
7/10/2023,Instagram,image,1937,847,137,7666
10/23/2022,Facebook,video,1871,881,337,5642
1/7/2023,Twitter,text,1775,251,118,5241
8/17/2023,Facebook,text,1172,346,280,5752
1/27/2023,Facebook,image,2099,360,466,4176
2/6/2023,Instagram,image,1731,676,298,4570
1/5/2023,Twitter,video,464,424,441,9441
11/7/2022,Twitter,video,1936,282,336,4454
9/17/2023,Facebook,image,1534,501,224,8041
10/12/2023,Instagram,video,649,602,174,6168
6/21/2023,Facebook,text,1417,350,410,7303
9/2/2023,Twitter,text,1032,741,164,9191
12/23/2022,Twitter,video,1528,614,351,4858
1/22/2023,Facebook,video,1931,165,360,9627
4/20/2023,Twitter,video,1689,427,200,4707
3/17/2023,Facebook,image,528,373,245,5086
3/22/2023,Facebook,video,528,716,323,5795
8/19/2023,Twitter,image,1383,205,386,9326
1/2/2023,Facebook,text,675,422,294,6561
1/2/2023,Twitter,image,1077,120,447,7969
4/29/2023,Facebook,text,2155,374,348,8396
12/23/2022,Facebook,video,464,892,457,5526
11/7/2022,Facebook,text,1167,594,225,9657
11/18/2022,Twitter,image,696,545,497,4837
8/4/2023,Facebook,image,1363,132,133,9382
12/26/2022,Twitter,text,638,358,198,6623
4/3/2023,Facebook,video,1704,340,114,5657
12/26/2022,Facebook,video,438,441,198,6517
8/10/2023,Facebook,video,491,323,298,6876
11/10/2022,Instagram,text,0,398,238,4783
3/4/2023,Facebook,video,1543,833,427,8701
11/7/2022,Twitter,text,1961,855,253,6871
12/3/2022,Facebook,video,462,564,258,6522
9/9/2023,Twitter,image,1592,665,349,8439
12/16/2022,Facebook,image,1746,324,491,8531
1/29/2023,Facebook,text,2005,631,227,8819
3/14/2023,Instagram,text,655,111,407,8368
12/3/2022,Facebook,text,1468,294,187,6256
6/24/2023,Instagram,video,2074,222,455,6797
6/23/2023,Twitter,text,1645,250,286,7318
9/15/2023,Twitter,text,1026,675,275,7227
5/7/2023,Instagram,image,2007,142,468,8421
6/7/2023,Instagram,image,1609,239,164,4334
12/19/2022,Instagram,image,1992,646,102,5646
7/6/2023,Facebook,image,2032,348,366,5990
8/3/2023,Facebook,image,1466,745,147,7062
8/24/2023,Twitter,image,1274,773,375,7419
9/24/2023,Twitter,video,1231,625,402,7279
1/24/2023,Facebook,text,657,603,439,5912
12/17/2022,Facebook,image,453,687,183,4714
1/13/2023,Instagram,image,1291,183,279,8840
10/26/2022,Instagram,image,773,403,205,6136
12/9/2022,Twitter,image,570,837,374,8466
8/22/2023,Facebook,text,1024,751,207,5288
6/13/2023,Instagram,image,1611,529,147,6703
9/18/2023,NonExistingPlatform,text,1311,290,408,7879
4/24/2023,Facebook,video,980,394,185,6170
4/1/2023,Facebook,text,475,122,444,8596
3/31/2023,Twitter,image,1446,822,443,9788
7/21/2023,Facebook,text,1425,594,242,7572
7/4/2023,Instagram,text,1649,738,157,7490
7/16/2023,Instagram,image,740,676,161,6175
9/29/2023,Facebook,text,702,758,422,7065
9/6/2023,NonExistingPlatform,text,596,729,340,7815
9/11/2023,Facebook,image,621,438,301,9779
9/4/2023,Facebook,video,471,631,159,8264
10/28/2022,Twitter,image,788,298,494,9537
8/14/2023,Twitter,image,1313,315,403,6671
2/14/2023,Instagram,video,885,531,155,5648
9/22/2023,Twitter,image,1198,550,371,5055
10/2/2023,Instagram,video,1788,301,378,9701
8/14/2023,Instagram,video,1737,172,287,4502
4/13/2023,Instagram,video,578,539,246,6607
2/26/2023,Twitter,video,1292,339,458,8315
2/22/2023,Instagram,image,1444,335,133,5885
6/9/2023,Twitter,text,877,372,422,8834
7/7/2023,Twitter,text,2131,255,484,9325
2/27/2023,Twitter,video,579,712,170,7355
1/18/2023,Twitter,image,731,154,376,9520
3/3/2023,Facebook,image,1720,655,232,5045
3/2/2023,Facebook,image,1624,584,298,8780
2/5/2023,Twitter,video,1363,334,153,7251
7/14/2023,Twitter,video,926,431,284,6550
4/28/2023,Facebook,text,593,257,283,5180
8/7/2023,Instagram,image,866,724,296,4731
3/18/2023,Facebook,image,1298,142,184,6737
9/19/2023,Twitter,video,1978,396,199,5860
3/31/2023,Facebook,image,2111,347,436,5989
2/8/2023,Facebook,video,1954,542,418,5683
7/8/2023,Instagram,text,758,386,470,9765
10/15/2022,Instagram,video,2198,867,319,6823
9/18/2023,Twitter,image,1121,765,449,6408
2/3/2023,Facebook,video,677,381,239,5778
1/8/2023,Twitter,image,1066,284,315,4843
12/15/2022,Twitter,text,1785,644,225,9243
8/14/2023,Facebook,video,796,538,468,4333
2/24/2023,Facebook,text,1110,892,463,7633
1/10/2023,Facebook,video,1573,841,337,9001
11/12/2022,Instagram,image,1895,446,164,6831
9/19/2023,Facebook,text,704,815,122,5814
1/4/2023,Facebook,text,1399,758,412,8524
3/12/2023,Instagram,video,460,501,0,4745
9/5/2023,Facebook,image,904,666,316,5936
12/9/2022,Instagram,text,2134,785,293,7442
4/8/2023,Facebook,video,1437,308,496,7230
2/13/2023,Facebook,image,1335,339,146,4965
6/28/2023,Instagram,image,1468,453,280,8067
9/26/2023,Facebook,video,1587,162,298,6223
10/30/2022,Twitter,image,1370,882,207,5512
8/26/2023,Instagram,image,1872,238,450,7347
12/15/2022,Instagram,image,2099,301,391,5019
3/12/2023,Instagram,text,410,798,102,8280
12/28/2022,Instagram,image,1793,849,215,8348
8/9/2023,Facebook,text,1790,297,158,6655
3/10/2023,Twitter,image,681,698,314,4224
7/22/2023,Instagram,image,1089,686,128,4688
9/6/2023,Facebook,text,598,795,339,9127
6/9/2023,Twitter,image,1882,773,315,6612
4/2/2023,Twitter,text,2176,149,233,6298
11/29/2022,Instagram,video,1320,395,218,9815
9/24/2023,Instagram,text,1802,824,458,6834
12/27/2022,Twitter,image,508,857,167,7836
3/26/2023,Facebook,video,1063,133,300,8772
3/15/2023,Facebook,image,1930,668,144,8109
8/23/2023,Twitter,image,1613,852,203,6674
8/16/2023,Twitter,video,725,147,314,5075
12/26/2022,Instagram,text,1155,307,324,7153
10/17/2022,Twitter,image,2067,238,436,8121
7/31/2023,Instagram,image,1650,232,257,5213
12/12/2022,Facebook,text,1042,821,495,9099
1/13/2023,Twitter,text,994,550,332,9520
10/28/2022,Instagram,image,2166,482,401,8331
12/21/2022,Facebook,image,1604,787,402,5680
2/9/2023,Facebook,image,1250,361,105,9374
2/7/2023,Facebook,text,2131,674,400,8312
11/13/2022,Facebook,image,2115,474,455,7908
12/27/2022,Twitter,video,505,381,343,7264
7/27/2023,Instagram,video,1806,442,255,9185
1/29/2023,Instagram,video,1169,196,116,9728
10/27/2022,Instagram,video,494,382,176,8015
2/18/2023,Facebook,video,1007,638,318,4415
12/7/2022,Facebook,image,1153,471,458,5196
2/6/2023,Facebook,video,2078,735,132,8008
7/29/2023,Instagram,video,1462,191,140,6718
2/10/2023,Facebook,image,515,375,484,4934
7/31/2023,Twitter,text,1116,332,104,4497
4/17/2023,Facebook,text,2165,191,373,9489
7/9/2023,Facebook,video,667,491,193,4674
6/2/2023,Twitter,video,992,740,450,6214
10/12/2023,Instagram,image,1495,238,368,9736
5/12/2023,Instagram,image,1698,444,335,5325
7/11/2023,Twitter,video,1131,810,431,9628
3/18/2023,Twitter,video,1892,514,284,7340
9/12/2023,Facebook,text,1410,217,428,9762
6/19/2023,Facebook,video,1200,595,448,8985
1/29/2023,Facebook,video,483,829,357,9193
1/18/2023,Twitter,text,1660,222,439,8164
8/10/2023,Instagram,text,947,335,235,6946
10/31/2022,Instagram,video,594,696,388,7916
3/5/2023,Facebook,image,1872,846,460,5741
8/1/2023,Twitter,text,2115,813,185,9537
2/5/2023,Twitter,video,1993,867,243,4837
4/17/2023,Instagram,text,622,633,327,5507
2/3/2023,Instagram,video,1563,288,484,8212
8/21/2023,Twitter,text,1891,900,113,9085
11/19/2022,Instagram,video,751,116,270,8123
9/2/2023,Twitter,image,632,369,299,8469
5/18/2023,Facebook,video,1847,209,450,8052
1/20/2023,Twitter,video,2008,793,141,6896
4/26/2023,Twitter,image,802,222,432,5301
8/18/2023,Facebook,text,1101,704,190,7977
3/6/2023,Instagram,image,1130,433,418,5322
6/20/2023,Facebook,text,1283,664,393,8383
4/5/2023,Instagram,image,1708,460,160,9700
5/22/2023,Instagram,image,1312,542,153,4415
12/13/2022,Twitter,text,988,574,181,5581
6/18/2023,Facebook,image,695,684,185,4259
12/12/2022,Instagram,video,945,202,426,8876
9/23/2023,Facebook,video,1424,546,292,7084
5/2/2023,Facebook,image,1804,261,322,8219
7/5/2023,Twitter,image,1985,457,371,9123
10/11/2023,Instagram,image,2018,135,359,8738
2/1/2023,Twitter,text,867,447,246,4360
10/1/2023,Twitter,image,906,227,134,6606
5/12/2023,Instagram,text,1907,736,129,7647
3/31/2023,Twitter,video,1917,495,460,9563
7/25/2023,Twitter,text,522,461,455,4888
8/6/2023,Instagram,image,997,428,256,6434
1/27/2023,Instagram,image,1325,203,279,4188
11/1/2022,Facebook,video,833,118,473,5393
4/7/2023,Facebook,text,1349,849,405,7071
5/26/2023,Facebook,image,1164,720,167,5234
8/16/2023,Twitter,image,2089,626,209,6488
9/28/2023,Facebook,text,2176,361,252,8113
3/6/2023,Facebook,video,1520,873,317,9466
9/10/2023,Twitter,image,403,683,201,9417
5/19/2023,Facebook,image,1661,518,280,5371
1/21/2023,Twitter,text,1622,647,139,8372
12/31/2022,Twitter,image,981,606,247,6328
4/2/2023,Instagram,image,700,200,139,6085
9/21/2023,Facebook,text,930,384,194,8824
12/1/2022,Instagram,text,1011,380,174,8422
10/24/2022,Instagram,image,1896,461,216,7535
2/28/2023,Facebook,video,1585,443,291,7375
10/5/2023,Instagram,video,596,607,228,9608
1/23/2023,Instagram,video,1339,487,123,7665
5/2/2023,Twitter,text,1168,494,278,5517
11/9/2022,Twitter,image,789,117,106,8850
3/11/2023,Instagram,video,1271,713,246,7684
2/4/2023,Instagram,image,1295,492,327,6011
10/3/2023,Facebook,video,1784,364,433,6971
6/15/2023,Twitter,image,455,186,192,4917
9/17/2023,Instagram,text,1730,532,312,4353
11/3/2022,Twitter,video,1932,355,117,4545
2/24/2023,Twitter,image,2158,264,107,9567
1/7/2023,Instagram,video,1933,419,214,9778
9/24/2023,Twitter,text,1798,290,271,8402
4/2/2023,Facebook,image,1909,253,330,7945
6/6/2023,Facebook,image,1982,751,132,7157
4/25/2023,Instagram,image,1359,703,288,5503
10/13/2022,Twitter,video,665,690,232,6796
9/4/2023,Instagram,video,591,424,343,6812
11/4/2022,Facebook,image,2124,427,197,9802
6/8/2023,Instagram,image,619,338,394,9549
12/25/2022,Instagram,image,1036,277,150,9972
1/9/2023,Twitter,text,1802,256,155,7147
12/11/2022,Instagram,image,1401,332,341,5814
6/8/2023,Facebook,image,960,672,388,7171
3/6/2023,Facebook,video,1008,739,418,9762
2/8/2023,Instagram,video,1405,202,252,4987
2/19/2023,Twitter,video,1295,158,467,8487
6/14/2023,Facebook,text,1811,135,385,5971
1/20/2023,Twitter,image,1860,487,365,4725
3/21/2023,Facebook,video,1480,664,270,5544
1/23/2023,Instagram,text,2063,890,189,8712
1/2/2023,Facebook,video,1094,761,121,4351
8/5/2023,Instagram,image,1303,611,377,8248
3/7/2023,Facebook,text,1002,656,442,7035
1/15/2023,Facebook,image,766,853,392,5687
3/17/2023,Twitter,text,412,338,280,4238
3/27/2023,Instagram,text,1895,637,259,4319
4/13/2023,Instagram,text,1406,485,242,7540
1/4/2023,Twitter,image,1294,349,278,6485
12/1/2022,Instagram,image,840,786,416,8076
2/25/2023,Instagram,video,1815,377,269,6280
2/13/2023,Facebook,image,1979,143,183,9998
5/18/2023,Facebook,image,855,828,450,5271
7/18/2023,Instagram,image,535,745,313,6169
3/4/2023,Facebook,text,2133,759,186,8839
8/28/2023,Twitter,video,570,288,432,5871
6/9/2023,Facebook,image,2053,818,476,9625
9/15/2023,Twitter,video,1295,724,456,4995
4/13/2023,Twitter,text,1188,120,342,8731
9/20/2023,Twitter,image,684,470,102,8413
10/26/2022,Instagram,text,2142,241,183,5550
7/21/2023,Facebook,image,1166,634,304,5182
7/15/2023,Twitter,video,1366,310,378,9386
9/20/2023,Facebook,image,877,213,122,7489
9/7/2023,Instagram,image,2173,888,239,4816
7/16/2023,Twitter,video,1554,898,453,9505
2/21/2023,Instagram,text,0,507,372,6924
8/25/2023,Twitter,image,1995,715,334,6327
8/13/2023,Facebook,video,2037,458,238,6801
6/13/2023,Twitter,video,490,333,422,5398
2/2/2023,Facebook,text,1004,594,180,9779
5/13/2023,Twitter,text,1095,528,472,9885
10/28/2022,Instagram,image,546,390,190,9807
5/27/2023,Instagram,text,798,874,437,5077
12/7/2022,Twitter,image,796,462,286,9556
10/30/2022,Facebook,video,521,206,331,6284
11/29/2022,Twitter,image,670,178,356,8318
6/9/2023,Facebook,video,855,650,413,6748
11/6/2022,Instagram,video,1445,212,326,5583
3/12/2023,Twitter,text,790,470,129,4210
9/21/2023,Facebook,image,1599,162,485,8609
6/22/2023,Facebook,video,841,284,433,7437
10/14/2022,Facebook,text,1498,689,362,8387
10/16/2022,Facebook,image,1386,667,423,8287
5/29/2023,Twitter,video,2056,693,381,7188
8/20/2023,Facebook,video,463,261,306,8273
5/14/2023,Instagram,text,783,511,233,6057
7/30/2023,Facebook,video,587,258,230,6876
11/12/2022,Twitter,video,516,319,252,6815
6/2/2023,Instagram,image,674,467,183,7233
1/2/2023,Instagram,image,1121,387,493,6094
4/4/2023,Facebook,image,1471,632,357,9595
3/27/2023,Twitter,video,1784,118,201,6615
3/8/2023,Twitter,text,749,593,310,4909
10/30/2022,Twitter,video,954,501,211,4296
11/23/2022,Instagram,text,1438,536,350,7241
10/13/2023,Facebook,image,622,546,347,5326
8/17/2023,Facebook,video,1808,126,409,9754
5/24/2023,Facebook,text,2167,175,354,8340
3/7/2023,Twitter,image,1545,886,216,7206
5/13/2023,Twitter,text,2179,211,239,5862
6/12/2023,Twitter,video,1019,248,301,5004
7/2/2023,Instagram,image,2142,347,216,8362
11/13/2022,Facebook,text,1533,845,108,7910
10/30/2022,Instagram,text,1451,737,0,6810
1/2/2023,Instagram,text,1512,375,344,4555
11/15/2022,Instagram,text,1383,349,332,6486
7/10/2023,Instagram,image,1568,715,301,5394
12/10/2022,Twitter,text,572,334,468,8130
12/24/2022,Twitter,image,1596,729,429,6794
8/10/2023,Instagram,text,1828,856,343,4784
12/4/2022,Twitter,video,784,525,461,4628
11/26/2022,Twitter,image,856,122,259,8274
3/13/2023,Instagram,image,2135,508,241,7264
11/4/2022,Twitter,text,1832,436,101,5109
3/9/2023,Facebook,image,467,325,112,9086
2/22/2023,Facebook,image,1042,595,181,6297
3/24/2023,Twitter,text,1873,669,341,8033
9/10/2023,Instagram,image,454,665,425,6182
12/30/2022,Instagram,text,2096,757,332,5119
4/21/2023,Twitter,text,2070,858,231,4208
3/10/2023,Facebook,image,601,561,121,7917
4/17/2023,Facebook,image,1935,450,374,4030
12/20/2022,Facebook,video,426,545,293,7545
3/11/2023,Twitter,image,754,468,430,6044
5/8/2023,Instagram,video,640,807,236,9153
1/3/2023,Twitter,image,1835,304,394,4541
7/7/2023,Instagram,text,562,176,397,8723
11/28/2022,Twitter,image,953,806,474,8074
9/28/2023,Facebook,text,1989,526,359,9738
5/3/2023,Instagram,text,1625,724,443,7925
11/27/2022,Facebook,video,1083,304,263,7889
9/11/2023,Instagram,image,1740,174,218,6273
6/29/2023,Instagram,text,1625,809,168,6198
8/30/2023,Twitter,text,1352,113,132,8682
2/3/2023,Twitter,image,984,155,245,9683
2/1/2023,Instagram,video,1895,565,430,9067
8/15/2023,Twitter,text,1790,142,348,7055
1/29/2023,Facebook,text,2017,851,350,6248
2/22/2023,Facebook,video,531,490,438,6842
1/18/2023,Instagram,text,550,520,256,7993
8/1/2023,Twitter,image,1017,655,351,9663
1/30/2023,Twitter,text,1230,577,106,4795
11/24/2022,Facebook,image,1169,311,265,8102
7/2/2023,Twitter,image,1596,229,350,5394
7/19/2023,Instagram,video,1786,554,306,7759
1/5/2023,Twitter,video,1897,358,387,7407
7/17/2023,Twitter,text,1413,255,347,6532
7/6/2023,Twitter,text,744,595,211,7706
5/23/2023,Instagram,video,1289,323,220,8310
6/9/2023,Twitter,image,1265,510,436,5574
6/6/2023,Instagram,image,1864,456,291,4068
2/28/2023,Facebook,image,2023,575,137,5212
11/13/2022,Facebook,text,570,452,196,9186
10/23/2022,Instagram,video,1144,428,283,6667
2/27/2023,Twitter,image,1436,232,429,7570
7/23/2023,Facebook,image,2062,557,457,5205
2/1/2023,Facebook,text,819,576,356,8995
2/5/2023,Facebook,text,2126,299,499,5889
1/28/2023,Facebook,text,1249,140,489,6360
5/22/2023,Facebook,text,1248,795,243,9100
12/1/2022,Twitter,image,454,465,335,8004
1/24/2023,Twitter,text,894,262,203,9986
7/21/2023,Instagram,image,1870,356,332,4817
6/18/2023,Instagram,image,715,173,361,7451
8/28/2023,Twitter,video,827,214,452,9289
6/20/2023,Instagram,image,1994,144,192,8890
10/24/2022,Twitter,text,1773,528,352,6754
10/5/2023,Instagram,image,1931,603,197,5081
7/11/2023,Facebook,image,1896,186,472,8576
12/19/2022,Facebook,text,1480,415,202,9584
9/1/2023,Facebook,image,1476,180,407,8650
12/21/2022,Twitter,image,1873,718,356,8263
12/18/2022,Instagram,video,1769,882,289,5625
6/15/2023,Twitter,text,2189,538,213,6341
12/10/2022,Twitter,text,605,531,316,9622
7/5/2023,Twitter,text,773,464,352,9229
4/17/2023,Twitter,video,1883,130,320,4854
10/6/2023,Instagram,video,808,315,493,6148
11/17/2022,Instagram,text,672,181,119,4265
9/15/2023,Instagram,text,1471,417,479,4976
8/12/2023,Twitter,text,1919,720,387,8951
4/6/2023,Twitter,text,1804,721,413,8800
1/29/2023,Facebook,video,863,862,379,8686
12/12/2022,Twitter,text,948,795,485,9737
8/27/2023,Twitter,video,1114,667,412,9521
1/23/2023,Twitter,image,1615,726,471,8539
5/1/2023,Twitter,text,1942,384,406,9296
7/11/2023,Facebook,text,1848,793,304,8269
8/29/2023,Twitter,text,1751,671,434,7637
11/7/2022,Facebook,text,446,855,498,4108
4/14/2023,Instagram,image,499,257,459,7806
4/3/2023,Twitter,text,1817,109,176,8017
10/31/2022,Instagram,image,694,511,179,8805
7/24/2023,Twitter,image,1189,715,370,6381
3/11/2023,Twitter,text,1649,197,486,9427
5/15/2023,Twitter,text,622,463,386,4092
2/1/2023,Facebook,image,1077,844,334,4783
5/4/2023,Facebook,video,1220,735,298,9527
10/17/2022,Facebook,text,1236,305,329,8595
5/19/2023,Facebook,text,820,618,149,9478
2/20/2023,Facebook,image,1791,656,112,5619
6/26/2023,Instagram,video,1820,614,228,8336
11/2/2022,Instagram,image,454,877,103,5012
10/1/2023,Instagram,image,805,299,214,6080
12/16/2022,Twitter,text,924,707,373,6946
8/9/2023,Instagram,video,1869,877,299,5875
1/17/2023,Facebook,video,1092,768,133,8192
10/11/2023,Twitter,video,1490,635,174,8974
7/20/2023,Facebook,image,774,332,327,7309
6/23/2023,Facebook,text,1491,374,145,8927
6/22/2023,Instagram,image,2040,639,296,8033
5/1/2023,Twitter,image,1383,241,310,5729
10/26/2022,Facebook,image,0,491,252,8187
7/17/2023,Instagram,video,479,320,461,4324
9/10/2023,Twitter,video,415,592,417,6228
4/2/2023,Facebook,text,1742,808,313,6482
2/13/2023,Twitter,image,683,304,495,8955
11/8/2022,Twitter,video,1244,669,396,9416
12/26/2022,Instagram,text,1454,485,428,4179
11/26/2022,Twitter,text,2082,465,177,9557
5/13/2023,Facebook,video,811,378,156,8994
4/17/2023,Facebook,video,1543,434,226,6495
2/26/2023,Instagram,text,1908,708,465,5804
6/21/2023,Instagram,text,1840,408,492,7675
10/22/2022,Instagram,image,840,787,347,4377
9/3/2023,Instagram,video,1545,464,359,6151
5/30/2023,Twitter,image,2079,547,208,6303
6/22/2023,Facebook,image,525,242,455,8111
12/20/2022,Instagram,text,1431,352,357,8955
7/23/2023,Twitter,text,2200,466,336,8037
7/14/2023,Twitter,image,1333,657,327,8566
3/2/2023,Instagram,text,1368,302,459,7387
8/2/2023,Facebook,video,1631,758,296,9421
10/3/2023,Twitter,image,785,351,226,5431
5/22/2023,Instagram,text,977,786,325,5850
5/12/2023,Instagram,text,1331,173,479,4707
12/13/2022,Instagram,video,1437,687,212,4287
1/21/2023,Facebook,text,624,466,340,8152
5/1/2023,Instagram,image,663,592,383,7143
3/9/2023,Facebook,text,1754,258,491,9015
3/13/2023,Instagram,text,613,850,460,6731
3/10/2023,Instagram,text,489,572,409,9338
5/14/2023,Instagram,text,1328,665,382,9544
1/25/2023,Twitter,video,840,501,345,9586
3/24/2023,Facebook,text,1349,233,319,5290
1/7/2023,Twitter,video,648,664,434,4098
12/18/2022,Instagram,video,786,350,237,5597
12/8/2022,Instagram,image,403,524,306,7570
9/30/2023,Facebook,video,1404,198,428,5724
7/19/2023,Facebook,video,1758,127,137,6093
11/22/2022,Facebook,image,447,131,365,5099
4/17/2023,Instagram,image,1552,328,192,4435
5/25/2023,Facebook,image,911,661,359,4124
11/16/2022,Facebook,text,1861,169,441,7547
12/9/2022,Facebook,image,1303,536,163,9396
8/19/2023,Instagram,image,1667,182,477,4930
12/10/2022,Instagram,text,2077,617,395,7790
2/4/2023,Instagram,image,848,610,451,8119
3/1/2023,Instagram,video,1081,823,422,5143
1/13/2023,Facebook,video,1096,479,442,8814
9/12/2023,Instagram,image,407,530,320,8211
2/3/2023,Instagram,text,1971,385,328,8542
10/26/2022,Twitter,image,1837,806,199,6694
2/13/2023,Facebook,video,1845,829,297,4179
11/14/2022,Instagram,image,785,616,453,4486
10/11/2023,Instagram,text,1913,205,120,4104
9/25/2023,Facebook,video,494,815,217,8086
9/2/2023,Instagram,image,1055,557,407,8964
10/4/2023,Instagram,text,1077,459,295,8852
3/12/2023,Twitter,image,2058,889,391,4179
10/6/2023,Instagram,text,1054,780,379,4802
7/14/2023,Facebook,text,1676,380,223,7666
10/9/2023,Instagram,image,2006,892,178,8038
10/17/2022,Instagram,text,1671,589,274,5616
10/25/2022,Instagram,video,898,114,243,9011
4/17/2023,Twitter,video,1410,199,438,8253
11/23/2022,Instagram,video,1178,848,203,9207
4/29/2023,Instagram,video,1035,667,225,8282
7/7/2023,Instagram,text,558,735,154,4422
10/27/2022,Twitter,video,1740,296,491,5059
6/21/2023,Twitter,image,493,410,391,9503
1/19/2023,Instagram,text,846,811,303,7336
12/20/2022,Facebook,image,450,349,312,7377
10/7/2023,Instagram,video,2060,549,335,4859
6/16/2023,Twitter,video,1643,133,186,6986
9/4/2023,Twitter,video,1551,102,237,9282
8/21/2023,Twitter,text,2186,290,442,9573
9/29/2023,Twitter,video,1687,778,421,7914
12/14/2022,Facebook,video,1437,215,441,7219
11/28/2022,Instagram,image,756,149,150,4526
12/28/2022,Twitter,video,720,276,410,6553
2/6/2023,Twitter,text,1294,199,329,4938
2/7/2023,Facebook,video,1560,205,221,4547
1/17/2023,Instagram,video,823,449,480,9916
10/5/2023,Instagram,text,989,188,366,5422
8/13/2023,Twitter,text,402,676,206,4649
9/17/2023,Instagram,image,1710,106,202,6555
6/11/2023,Twitter,image,1220,187,324,7716
9/23/2023,Instagram,image,869,269,179,7053
12/12/2022,Instagram,image,1160,224,454,4287
7/28/2023,Instagram,video,2048,131,272,4261
12/13/2022,Facebook,text,1974,886,393,7712
12/7/2022,Instagram,text,784,310,435,6941
4/22/2023,Facebook,text,433,823,446,7829
10/30/2022,Instagram,text,574,387,244,4954
7/8/2023,Twitter,image,913,613,161,4147
6/8/2023,Instagram,video,1618,183,359,9841
3/3/2023,Twitter,text,1571,623,392,8121
8/17/2023,Facebook,video,459,656,437,6563
6/27/2023,Twitter,image,1884,146,303,9489
5/18/2023,Instagram,video,1946,864,415,8201
5/4/2023,Facebook,text,1171,225,225,6123
4/26/2023,Instagram,image,938,804,416,8773
3/22/2023,Instagram,video,1475,267,435,9506
7/17/2023,Instagram,image,1842,469,455,5424
1/29/2023,Twitter,text,1735,147,415,9288
6/20/2023,Twitter,image,720,525,462,9059
10/7/2023,Twitter,text,800,717,226,6651
5/4/2023,Facebook,image,553,343,161,8178
12/21/2022,Instagram,text,1011,650,103,5860
6/25/2023,Facebook,text,738,716,479,6742
1/26/2023,Facebook,video,1610,129,479,8445
12/5/2022,Facebook,image,1297,294,259,7699
12/11/2022,Facebook,image,887,182,172,4843
8/17/2023,Twitter,image,1949,859,339,5437
1/20/2023,Instagram,text,2174,816,318,5403
8/10/2023,Instagram,image,1469,254,226,7361
3/5/2023,Instagram,text,891,100,376,5227
5/21/2023,Instagram,image,1858,808,125,7068
9/16/2023,Facebook,image,2097,426,151,4087
7/4/2023,Twitter,text,1133,324,175,6288
7/20/2023,Twitter,text,746,269,121,7528
5/26/2023,Instagram,text,733,789,163,6075
1/25/2023,Facebook,image,1827,583,320,8949
12/21/2022,Instagram,video,1289,783,152,8110
10/10/2023,Twitter,text,1817,810,390,6255
10/12/2023,Facebook,image,1015,258,277,7851
4/15/2023,Facebook,image,2121,667,334,6273
6/20/2023,Facebook,image,730,113,475,5232
12/1/2022,Facebook,image,1568,311,467,7144
1/19/2023,Twitter,image,497,602,408,0
7/20/2023,Twitter,image,768,240,161,5096
9/14/2023,Twitter,text,1579,478,301,7302
3/26/2023,Facebook,text,2177,710,326,6714
7/11/2023,Twitter,image,793,267,284,5072
7/17/2023,Instagram,image,459,186,441,4893
8/15/2023,Facebook,text,1252,565,493,5598
5/24/2023,Twitter,video,1677,819,341,9722
2/13/2023,Facebook,text,1007,568,104,9269
6/5/2023,Facebook,text,493,512,330,6454
4/17/2023,Facebook,image,1354,557,482,5697
1/19/2023,Twitter,text,542,729,495,9723
3/20/2023,Twitter,image,2138,313,404,7516
11/29/2022,Instagram,text,1092,883,254,7294
7/17/2023,Instagram,text,769,163,426,6579
2/15/2023,Twitter,video,1401,466,355,7840
12/30/2022,Facebook,video,600,532,375,7956
1/7/2023,Facebook,video,884,373,466,5995
3/11/2023,Twitter,image,405,207,161,5291
5/1/2023,Instagram,text,1053,758,192,8599
6/12/2023,Twitter,text,1466,371,301,6011
5/10/2023,Twitter,image,1782,639,219,6493
5/16/2023,Twitter,text,1540,629,387,6710
9/28/2023,Twitter,image,2182,696,267,6501
11/18/2022,Instagram,text,1181,168,444,7530
1/29/2023,Facebook,video,824,411,496,6576
10/10/2023,Instagram,image,932,304,423,7300
12/2/2022,Twitter,video,992,877,241,6375
9/4/2023,Facebook,text,1064,456,113,5087
11/23/2022,Instagram,image,1261,542,364,8537
6/25/2023,Facebook,video,1837,515,139,7716
2/27/2023,Twitter,image,619,143,180,7653
5/19/2023,Instagram,text,694,454,411,8761
6/14/2023,Facebook,image,1115,790,193,7395
3/13/2023,Twitter,image,1815,692,312,7188
5/7/2023,Twitter,image,1300,350,245,8934
2/14/2023,Instagram,image,1063,438,121,6348
9/4/2023,Twitter,video,1532,869,303,6991
10/17/2022,Twitter,video,1835,670,119,7783
5/24/2023,Facebook,video,725,513,456,6416
11/27/2022,Facebook,video,492,558,267,8274
11/24/2022,Facebook,image,889,162,314,8331
9/20/2023,Twitter,text,2129,748,126,7659
1/25/2023,Twitter,image,1628,763,337,7413
9/25/2023,Instagram,text,1114,344,448,4704
4/5/2023,Instagram,image,598,421,123,6765
12/7/2022,Instagram,text,1558,231,124,9426
10/26/2022,Facebook,text,1140,680,439,7962
4/14/2023,Instagram,video,435,468,358,7251
5/16/2023,Twitter,video,1363,774,150,5864
12/25/2022,Twitter,text,503,674,387,6841
10/1/2023,Facebook,video,1130,670,225,6575
2/27/2023,Instagram,image,1554,183,499,9728
6/10/2023,Facebook,image,1655,428,342,7387
10/6/2023,Instagram,image,1658,417,440,7661
6/10/2023,Twitter,video,2027,559,373,9064
3/6/2023,Facebook,image,825,229,379,6020
3/26/2023,Facebook,video,2084,860,279,8851
5/6/2023,Twitter,text,2023,792,390,4392
3/3/2023,Instagram,video,743,344,192,7959
2/24/2023,Twitter,video,906,138,424,7116
11/26/2022,Facebook,video,1711,318,412,4018
8/27/2023,Twitter,text,739,743,356,5833
2/8/2023,Instagram,image,434,159,333,8231
10/28/2022,Facebook,image,1577,341,145,5547
4/1/2023,Twitter,video,1841,453,480,7474
2/20/2023,Twitter,video,1965,843,365,8952
7/19/2023,Twitter,image,1903,597,266,8275
1/29/2023,Twitter,video,1124,497,281,7689
11/14/2022,Instagram,image,474,817,479,6768
9/29/2023,Twitter,video,683,585,500,6946
8/15/2023,Instagram,text,696,845,338,7853
12/1/2022,Facebook,video,1446,811,402,7306
1/26/2023,Twitter,video,573,147,114,4462
8/14/2023,Twitter,image,1327,768,430,4914
10/10/2023,Instagram,image,2146,485,327,6075
4/25/2023,Instagram,text,2016,425,140,8253
4/13/2023,Facebook,video,1837,638,306,5854
5/21/2023,Twitter,text,918,446,401,6084
8/2/2023,Instagram,image,1885,656,172,8959
11/8/2022,Instagram,text,452,877,335,7517
2/20/2023,Twitter,video,687,442,177,9119
3/29/2023,Twitter,image,1675,734,468,5908
7/1/2023,Facebook,video,1195,486,150,4640
4/10/2023,Instagram,image,1051,313,472,7149
9/10/2023,Instagram,text,1949,101,156,8654
9/7/2023,Facebook,image,1410,350,222,5665
12/11/2022,Twitter,text,1032,139,305,6172
10/8/2023,Instagram,text,472,126,260,7374
12/1/2022,Twitter,image,1913,391,112,6221
8/31/2023,Twitter,image,845,578,153,8970
8/18/2023,Facebook,text,587,292,353,4329
12/30/2022,Twitter,text,1613,863,366,9897
10/6/2023,Instagram,video,2074,449,246,7383
5/2/2023,Instagram,video,1868,494,442,8856
5/7/2023,Twitter,image,954,513,190,6530
5/31/2023,Instagram,image,1919,889,323,9439
4/26/2023,Facebook,text,1446,676,444,8666
9/16/2023,Facebook,video,769,436,170,7547
8/12/2023,Twitter,video,610,604,453,9754
2/11/2023,Twitter,video,1479,206,239,6330
11/6/2022,Facebook,image,508,591,272,4693
7/24/2023,Instagram,video,769,879,480,6253
8/7/2023,Instagram,image,1633,654,168,4506
9/8/2023,Instagram,text,1680,194,408,4494
12/13/2022,Facebook,video,1161,802,441,8556
9/7/2023,Instagram,text,1185,336,310,5271
7/8/2023,Twitter,video,1482,640,345,5816
9/16/2023,Facebook,text,2083,278,464,8197
7/22/2023,Facebook,image,2107,899,443,9476
10/21/2022,Twitter,image,576,447,419,6777
9/29/2023,Facebook,video,2046,0,459,9565
9/25/2023,Facebook,video,786,398,338,4619
7/3/2023,Instagram,image,1497,279,156,4504
7/25/2023,Twitter,image,632,562,227,6259
7/30/2023,Instagram,video,1756,755,316,8890
11/24/2022,Facebook,video,767,259,289,8990
7/28/2023,Twitter,text,999,285,170,7490
6/1/2023,Twitter,image,1737,446,120,9330
9/30/2023,Instagram,image,2070,296,174,5901
5/8/2023,Instagram,image,484,874,271,6019
10/26/2022,Twitter,text,657,450,335,8418
10/27/2022,Facebook,image,1072,348,284,5746
10/11/2023,Facebook,video,1800,608,270,7741
10/24/2022,Instagram,video,911,209,401,8290
9/22/2023,Twitter,video,419,481,342,7399
5/8/2023,Facebook,text,1364,642,278,7021
2/12/2023,Twitter,video,542,479,356,6633
8/19/2023,Instagram,text,811,832,382,6762
10/6/2023,Facebook,text,463,308,157,6093
12/10/2022,Twitter,video,474,349,341,5496
5/9/2023,Facebook,image,1535,589,207,6007
8/17/2023,Twitter,video,1260,272,254,9964
10/8/2023,Instagram,image,686,202,444,8060
3/28/2023,Facebook,image,1194,465,114,4767
5/5/2023,Instagram,text,2100,752,496,8727
1/23/2023,Facebook,text,672,705,301,4911
9/4/2023,Facebook,text,544,869,415,9429
9/7/2023,Instagram,text,1765,477,242,6615
7/9/2023,Twitter,text,2169,571,446,4007
3/13/2023,Facebook,text,671,138,285,8016
7/12/2023,Instagram,text,991,234,291,5969
1/19/2023,Facebook,video,1179,784,298,5535
12/8/2022,Twitter,text,2039,524,186,8285
8/4/2023,Instagram,text,1386,108,405,7837
4/8/2023,Twitter,video,1720,866,445,7304
3/30/2023,Instagram,image,418,786,302,9934
8/17/2023,Instagram,video,2098,322,315,4690
8/2/2023,Instagram,video,1975,447,284,5956
7/2/2023,Facebook,text,2079,659,427,5490
12/9/2022,Facebook,text,1462,668,195,4786
7/17/2023,Instagram,image,546,210,330,5214
12/3/2022,Instagram,text,406,521,415,8467
1/27/2023,Instagram,text,2091,783,175,6845
1/14/2023,Twitter,video,548,601,425,8632
2/23/2023,Facebook,text,2178,286,264,5746
9/3/2023,Facebook,image,520,571,294,9911
6/3/2023,Instagram,video,983,228,389,7261
12/3/2022,Twitter,image,1812,270,489,4038
11/20/2022,Instagram,video,1929,136,245,8730
4/4/2023,Instagram,image,1292,495,311,8355
2/1/2023,Instagram,video,713,444,469,8322
2/23/2023,Facebook,video,1364,502,178,6134
11/29/2022,Twitter,image,1915,153,110,5117
10/4/2023,Facebook,video,1873,733,320,4882
4/23/2023,Facebook,text,2150,597,162,4004
10/23/2022,Instagram,image,1948,801,416,6023
7/23/2023,Facebook,video,1439,568,390,9115
3/28/2023,Instagram,image,472,128,433,8361
11/13/2022,Instagram,video,2006,193,335,7099
5/1/2023,Instagram,video,725,385,333,7898
9/29/2023,Facebook,image,796,682,168,4519
4/10/2023,Facebook,video,2065,453,425,8316
9/25/2023,Facebook,video,774,720,162,9305
7/5/2023,Facebook,text,2048,242,295,9701
2/18/2023,Facebook,image,1631,679,235,8222
3/29/2023,Facebook,text,1000,677,264,8864
6/8/2023,Facebook,video,605,216,425,9440
12/20/2022,Facebook,video,1190,320,319,5108
4/8/2023,Twitter,video,1039,770,386,7336
4/7/2023,Facebook,video,1571,505,103,9151
1/5/2023,Instagram,video,1159,865,113,9730
12/9/2022,Facebook,text,683,870,395,7303
11/18/2022,Facebook,image,900,476,264,8481
12/18/2022,Instagram,video,1210,325,140,5150
3/22/2023,Twitter,text,463,772,157,7606
1/5/2023,Twitter,image,1379,217,132,8472
8/17/2023,Twitter,image,1791,632,198,4595
5/25/2023,Instagram,image,982,889,318,4092
3/23/2023,Facebook,text,564,326,471,5555
3/24/2023,Twitter,text,1379,682,225,5561
5/31/2023,Facebook,text,956,749,252,5333
2/9/2023,Facebook,image,488,685,393,4058
12/19/2022,Facebook,text,1899,436,226,5539
6/8/2023,Twitter,video,2167,194,481,9305
3/6/2023,Instagram,image,954,448,219,8742
3/20/2023,Instagram,image,515,653,407,8650
2/1/2023,Instagram,text,1128,737,104,6014
3/17/2023,Twitter,video,848,168,282,6144
7/17/2023,Facebook,text,1691,224,108,4027
11/4/2022,Twitter,image,792,214,254,6429
7/22/2023,Facebook,image,1662,491,257,8069
6/19/2023,Facebook,image,516,421,426,5786
6/10/2023,Twitter,video,1642,811,183,6502
5/30/2023,Twitter,video,1673,179,204,6433
2/7/2023,Twitter,image,1591,111,188,5101
5/1/2023,Instagram,image,1404,394,487,8539
7/17/2023,Instagram,image,881,419,476,8762
3/6/2023,Facebook,video,2009,602,487,7325
12/16/2022,Facebook,image,1108,522,450,9689
12/24/2022,Instagram,image,834,177,361,6923
11/13/2022,Instagram,image,2064,885,106,4295
2/12/2023,Twitter,video,845,589,397,6324
5/12/2023,Instagram,video,2145,614,155,7002
3/30/2023,Instagram,video,1405,300,108,5906
2/27/2023,Facebook,image,1399,246,383,8040
9/23/2023,Twitter,video,1588,447,184,5792
9/14/2023,Facebook,video,1222,347,310,8320
5/29/2023,Facebook,text,674,164,267,7797
7/19/2023,Instagram,image,654,725,0,7782
6/26/2023,Instagram,text,576,436,137,7069
3/20/2023,Twitter,image,1215,597,228,7371
3/30/2023,Twitter,text,709,782,444,4809
12/7/2022,Twitter,text,1578,731,491,7528
12/28/2022,Twitter,text,507,568,338,9859
11/9/2022,Twitter,image,2156,421,476,4279
2/22/2023,Facebook,image,1207,305,113,4592
5/28/2023,Instagram,text,1366,164,219,7123
10/19/2022,Instagram,video,1629,794,481,4784
3/13/2023,Twitter,video,1249,440,473,9766
10/14/2022,Twitter,image,1419,131,414,8810
4/26/2023,Facebook,image,835,392,187,8819
8/3/2023,Twitter,image,609,144,484,7232
3/20/2023,Twitter,text,649,520,379,5356
12/7/2022,Facebook,text,1609,804,267,6409
11/19/2022,Facebook,video,1389,712,192,6896
3/19/2023,Twitter,video,1520,695,208,5308
11/7/2022,Facebook,image,1010,853,442,6879
5/27/2023,Instagram,image,2077,156,363,9452
5/5/2023,Twitter,text,1984,407,365,7150
9/21/2023,Twitter,image,635,729,167,5137
11/13/2022,Facebook,video,2030,539,206,4209
3/18/2023,Instagram,image,1945,206,330,7207
3/28/2023,Facebook,image,1318,561,405,9041
5/2/2023,Twitter,image,1192,338,304,8845
2/12/2023,Facebook,image,1152,491,446,4300
10/10/2023,Instagram,video,1797,514,177,7758
8/3/2023,Facebook,image,2021,733,307,5090
2/6/2023,Facebook,text,2053,629,415,6741
1/23/2023,Facebook,text,1751,473,181,4398
10/11/2023,Facebook,text,1082,579,168,7554
7/26/2023,Facebook,text,1338,556,153,5421
2/4/2023,Twitter,text,672,406,105,8904
6/17/2023,Instagram,video,1179,108,365,5487
3/31/2023,Facebook,text,1626,561,422,7698
11/2/2022,Instagram,text,1394,688,383,6236
3/7/2023,Twitter,image,1900,763,200,5648
11/20/2022,Facebook,image,1062,799,337,6440
5/19/2023,Instagram,video,1027,564,306,6580
5/10/2023,Twitter,text,1020,468,352,5359
8/5/2023,Twitter,text,1606,628,302,5260
9/23/2023,Instagram,image,980,890,252,4104
2/19/2023,Facebook,video,1546,827,205,9057
8/8/2023,Facebook,video,922,244,371,4333
10/16/2022,Twitter,image,656,243,486,6251
4/19/2023,Twitter,text,1543,357,470,5765
6/17/2023,Twitter,image,2006,715,331,8176
12/15/2022,Instagram,video,1371,125,235,7774
1/3/2023,Instagram,text,2160,886,382,6316
7/30/2023,Twitter,image,1908,853,401,6841
12/18/2022,Instagram,video,2168,819,167,8180
1/19/2023,Instagram,video,1471,292,147,9536
3/2/2023,Instagram,image,1059,507,434,4437
12/16/2022,Twitter,image,955,675,330,5736
5/11/2023,Facebook,text,1922,288,496,5683
2/7/2023,Twitter,video,1324,530,257,9031
6/6/2023,Twitter,text,1078,203,169,6312
2/2/2023,Facebook,image,1918,447,451,9848
5/24/2023,Instagram,video,960,0,486,6927
3/30/2023,Twitter,video,870,618,281,4560
4/14/2023,Instagram,video,1911,426,252,4858
6/20/2023,Twitter,image,1511,393,392,8702
5/8/2023,Facebook,video,815,410,253,9963
5/5/2023,Instagram,image,1376,318,425,8288
1/10/2023,Twitter,text,1985,561,351,6752
9/18/2023,Twitter,video,1450,243,432,6142
1/31/2023,Twitter,video,1838,377,321,6890
6/5/2023,Instagram,video,595,667,246,6474
1/17/2023,Facebook,text,1132,136,497,9185
5/21/2023,Facebook,text,778,843,235,9335
2/23/2023,Facebook,video,1001,719,398,4177
6/21/2023,Instagram,image,1866,209,351,5168
11/7/2022,Twitter,image,1351,771,363,6608
10/31/2022,Instagram,video,485,663,236,9927
11/22/2022,Facebook,video,1825,186,252,6460
7/30/2023,Twitter,video,1097,818,249,7922
8/18/2023,Facebook,image,936,120,164,9093
4/27/2023,Instagram,image,781,610,390,5298
1/19/2023,Facebook,video,977,325,310,8695
1/7/2023,Twitter,image,892,880,215,4955
4/26/2023,Instagram,image,1930,626,118,7184
3/24/2023,Instagram,video,709,498,360,6352
10/10/2023,Twitter,image,531,550,352,7490
11/19/2022,Facebook,video,988,662,110,8296
12/7/2022,Twitter,text,1662,229,453,9523
11/15/2022,Instagram,video,2095,306,111,7716
8/5/2023,Instagram,image,669,592,219,9822
10/3/2023,Instagram,image,2091,404,153,5549
2/15/2023,Instagram,image,1567,875,459,4768
11/28/2022,Twitter,text,1811,233,225,9796
12/23/2022,Instagram,text,606,810,118,8113
2/16/2023,Facebook,image,1558,871,377,9703
9/11/2023,Instagram,text,1333,768,475,8652
4/3/2023,Instagram,text,817,769,395,7830
10/3/2023,Instagram,text,2029,871,426,5718
11/24/2022,Facebook,video,1734,706,106,7745
3/23/2023,Facebook,image,691,253,287,5031
3/19/2023,Instagram,video,636,824,452,5140
7/15/2023,Instagram,text,1915,688,138,6845
11/9/2022,Facebook,video,1168,708,488,9645
5/22/2023,Instagram,video,1803,676,115,7355
3/24/2023,Twitter,video,867,202,438,9326
10/27/2022,Instagram,image,583,249,461,9463
8/5/2023,Twitter,text,2178,0,490,5000
8/12/2023,Instagram,image,1737,357,451,4467
7/19/2023,Twitter,video,2189,720,233,6904
12/20/2022,Instagram,video,683,370,355,9125
1/31/2023,Facebook,image,424,558,342,4642
4/11/2023,Facebook,text,1130,448,229,7445
12/3/2022,Instagram,video,1096,577,107,6354
11/10/2022,Instagram,video,1638,842,212,8164
3/3/2023,Twitter,image,1445,142,469,4676
5/10/2023,Facebook,image,511,511,325,8185
10/26/2022,Instagram,video,1465,372,154,4446
4/4/2023,Instagram,video,1250,679,339,4786
9/20/2023,Instagram,image,707,845,314,7833
10/19/2022,Twitter,text,1197,850,155,8959
9/21/2023,Facebook,text,931,878,320,7451
12/17/2022,Instagram,video,519,848,298,9110
8/14/2023,Facebook,image,1035,678,459,9144
7/27/2023,Instagram,image,1109,235,234,5082
10/28/2022,Instagram,image,1620,220,487,4973
4/2/2023,Twitter,image,954,576,426,5744
5/4/2023,Twitter,video,1267,155,269,6599
12/20/2022,Facebook,text,909,630,226,4484
10/2/2023,Instagram,text,1201,359,248,8667
8/9/2023,Twitter,image,1953,357,181,7045
7/8/2023,Twitter,video,2134,234,474,9323
3/12/2023,Twitter,video,542,831,168,8912
6/7/2023,Twitter,video,1951,300,437,4909
6/18/2023,Twitter,image,1435,819,336,7818
2/12/2023,Instagram,video,1396,876,356,8168
3/5/2023,Instagram,image,810,759,236,4931
3/15/2023,Instagram,text,610,502,234,5906
5/15/2023,Facebook,image,1491,632,420,4649
1/14/2023,Facebook,video,558,179,176,6453
1/27/2023,Facebook,text,1627,541,484,6911
1/13/2023,Facebook,image,686,785,135,6782
5/6/2023,Twitter,text,1829,154,410,9416
2/16/2023,Facebook,image,1130,218,372,9512
1/12/2023,Instagram,image,577,636,477,6012
3/7/2023,Facebook,text,499,783,343,9155
2/12/2023,Twitter,image,564,388,462,5589
8/5/2023,Twitter,text,1289,778,315,5517
10/4/2023,Facebook,text,1920,174,331,9553
7/6/2023,Facebook,text,1513,196,364,6488
5/1/2023,Instagram,text,1484,810,157,4443
11/27/2022,Facebook,text,2155,128,148,7065
5/18/2023,Facebook,image,1867,825,174,5527
6/29/2023,Twitter,video,1193,375,181,5543
5/28/2023,Twitter,image,2019,468,316,4861
1/28/2023,Twitter,image,1379,271,299,5552
12/5/2022,Twitter,text,801,782,114,5396
3/13/2023,Twitter,image,410,339,215,8224
3/3/2023,Facebook,text,788,144,242,5720
4/27/2023,Instagram,video,1941,138,329,4361
12/10/2022,Instagram,image,1306,349,113,8678
1/23/2023,Twitter,text,1652,270,203,5609
1/25/2023,Facebook,image,1014,359,441,4815
3/12/2023,NonExistingPlatform,text,407,341,333,5240
4/18/2023,Instagram,video,1885,221,334,7350
9/18/2023,Instagram,text,1965,259,197,8233
5/27/2023,Facebook,video,1146,872,191,6092
10/8/2023,Instagram,image,1332,643,149,5341
10/17/2022,Facebook,video,600,551,136,7682
9/23/2023,Instagram,video,1482,493,387,8329
4/29/2023,Instagram,image,1759,577,391,4916
11/8/2022,Instagram,image,1871,663,278,9288
11/17/2022,Instagram,text,1292,751,201,6506
11/14/2022,Instagram,image,2112,374,316,5929
7/14/2023,Twitter,image,592,564,204,9191
1/29/2023,Twitter,video,828,126,375,9090
12/8/2022,Facebook,image,640,308,373,9170
12/8/2022,Facebook,video,618,865,436,8206
8/1/2023,Instagram,video,1622,614,335,7367
6/20/2023,Facebook,image,543,332,246,4645
2/28/2023,Twitter,video,1184,571,121,7892
3/2/2023,Facebook,text,1514,552,288,4183
10/5/2023,Facebook,image,626,239,393,4480
7/30/2023,Facebook,video,1000,438,416,9346
11/20/2022,Twitter,video,1722,356,245,9310
8/11/2023,Twitter,image,2187,551,102,4134
4/15/2023,Twitter,text,1041,656,222,5195
11/16/2022,Facebook,image,961,262,350,7459
1/7/2023,Instagram,image,1749,653,259,4388
10/10/2023,Twitter,text,594,671,130,8075
3/8/2023,Facebook,text,458,627,209,4284
3/1/2023,Twitter,video,2179,412,218,9145
2/20/2023,Twitter,video,1274,583,455,9624
1/15/2023,Facebook,text,1500,510,358,5540
10/13/2023,Instagram,video,480,494,320,8670
4/13/2023,Facebook,text,1448,539,251,8475
10/22/2022,Facebook,text,953,853,377,4887
4/22/2023,Twitter,video,492,459,157,7761
9/15/2023,Instagram,image,746,824,235,6198
1/18/2023,Twitter,text,429,801,331,8081
10/22/2022,Twitter,text,1312,590,165,9324
5/7/2023,Facebook,image,1972,497,460,5675
9/26/2023,Twitter,video,631,417,330,5768
3/4/2023,Facebook,image,759,670,406,7905
12/3/2022,Twitter,text,1385,579,134,7552
12/31/2022,Facebook,image,1580,150,232,7671
3/12/2023,Facebook,image,2139,893,245,9948
11/6/2022,Facebook,video,1215,308,474,8671
9/16/2023,Facebook,text,1186,755,143,6745
11/12/2022,Instagram,image,1840,541,180,6885
10/22/2022,Instagram,text,550,337,137,7455
7/24/2023,Instagram,image,669,417,138,9234
10/24/2022,Instagram,image,1049,456,203,4673
10/27/2022,Facebook,image,1496,571,353,8760
4/20/2023,Instagram,image,1167,430,328,7505
12/8/2022,Instagram,image,414,755,380,7846
1/19/2023,Facebook,text,809,721,452,6205
11/15/2022,Facebook,text,466,686,463,4594
8/21/2023,Instagram,image,2161,873,379,7107
10/19/2022,Facebook,video,1461,359,241,5644
9/5/2023,Facebook,video,964,731,473,6148
9/11/2023,Facebook,image,596,486,248,4861
3/25/2023,Instagram,video,1734,592,210,4616
1/21/2023,Instagram,image,487,326,450,6937
1/13/2023,Twitter,video,780,101,0,7924
11/12/2022,Instagram,image,1519,469,354,4050
12/19/2022,Instagram,video,829,636,336,6488
11/14/2022,Twitter,video,1783,543,255,6413
2/28/2023,Instagram,image,1389,704,460,7818
12/4/2022,Twitter,video,1374,880,285,7079
2/25/2023,Twitter,image,628,715,205,9206
6/13/2023,Twitter,text,1903,240,291,4496
3/23/2023,Facebook,text,1406,259,318,8219
12/24/2022,Instagram,image,558,472,117,4996
9/26/2023,Instagram,text,2124,840,193,8525
7/15/2023,Twitter,image,647,459,411,6458
8/17/2023,Twitter,image,974,421,185,7950
9/17/2023,Instagram,image,508,684,124,5572
10/23/2022,Facebook,image,502,898,129,6521
5/20/2023,Twitter,image,1361,886,115,5382
2/13/2023,Twitter,image,1429,355,152,5902
2/13/2023,Twitter,image,1435,414,446,5657
5/21/2023,Facebook,video,951,447,493,6737
12/19/2022,Facebook,video,1134,343,147,4431
11/8/2022,Instagram,image,1220,534,301,6609
8/13/2023,Facebook,image,780,719,371,5926
6/15/2023,Instagram,image,699,577,287,7445
1/2/2023,Facebook,image,1056,459,176,4877
8/28/2023,Twitter,image,1981,322,411,6089
6/23/2023,Facebook,video,1809,589,174,5728
12/22/2022,Twitter,image,1113,193,141,6422
10/20/2022,Twitter,text,1811,642,413,7738
3/17/2023,Instagram,text,1350,489,463,6644
12/30/2022,Twitter,image,1230,715,173,5757
10/10/2023,Facebook,text,1630,822,454,7798
11/29/2022,Instagram,image,410,186,359,6355
11/7/2022,Instagram,video,1521,370,217,4948
8/17/2023,Facebook,video,1630,507,143,4102
10/12/2023,Instagram,image,2145,680,432,6388
1/17/2023,Instagram,video,544,109,268,8871
8/2/2023,Facebook,text,1628,836,406,9096
7/12/2023,Facebook,image,607,370,137,5838
10/22/2022,Twitter,text,808,162,334,4028
12/7/2022,Facebook,image,1738,654,327,5755
4/25/2023,Twitter,image,2012,293,379,6097
6/30/2023,Facebook,text,1800,671,490,8179
1/18/2023,Twitter,image,1153,279,108,6087
2/15/2023,Twitter,image,1934,352,489,7446
8/29/2023,Facebook,text,426,789,349,7018
11/12/2022,Facebook,image,1436,835,264,6689
10/5/2023,Twitter,video,553,881,392,6880
4/30/2023,Facebook,video,559,410,135,9669
4/2/2023,Facebook,text,1189,195,113,8880
9/5/2023,Twitter,image,421,791,291,4230
3/9/2023,Instagram,image,1298,455,175,7994
7/19/2023,Instagram,text,1601,119,284,6443
1/25/2023,Instagram,video,886,464,426,4261
12/29/2022,Facebook,video,1485,770,323,7856
3/30/2023,Facebook,image,1713,891,140,9036
12/21/2022,Instagram,video,1036,783,483,7442
2/22/2023,Twitter,video,1294,298,149,7360
6/22/2023,Instagram,text,1578,166,358,6253
12/5/2022,Instagram,image,1067,355,372,8735
8/20/2023,Instagram,video,2154,627,164,4921
12/9/2022,Twitter,image,1094,613,115,4716
11/4/2022,Facebook,text,495,634,403,9970
9/30/2023,Facebook,video,1511,251,217,8171
11/5/2022,Facebook,image,2084,548,448,8178
4/1/2023,Facebook,video,808,767,151,6591
7/22/2023,Instagram,text,770,645,123,4381
3/29/2023,Instagram,text,875,437,410,9143
11/11/2022,Facebook,image,580,490,322,4267
12/22/2022,Instagram,text,1523,258,402,6321
1/9/2023,Facebook,image,1064,545,262,8977
3/15/2023,Facebook,image,1642,251,225,9218
9/23/2023,Facebook,text,1738,509,387,7221
5/4/2023,Facebook,text,645,464,359,5730
10/14/2022,Facebook,text,829,286,480,4131
10/5/2023,Facebook,image,1179,893,396,7261
3/6/2023,Facebook,text,2110,226,454,8535
5/11/2023,Instagram,text,1785,787,184,7342
11/4/2022,Twitter,video,691,388,284,6791
7/27/2023,Facebook,video,1425,287,275,9698
2/13/2023,Instagram,video,1299,459,289,7951
7/16/2023,Instagram,image,803,466,247,4347
8/1/2023,Twitter,image,1580,757,255,9384
1/21/2023,Instagram,text,1551,413,141,4074
9/2/2023,Facebook,text,1516,708,397,6860
7/30/2023,Facebook,text,2015,861,347,6393
5/19/2023,Instagram,image,670,196,211,6948
10/21/2022,Instagram,image,1121,763,189,4064
6/25/2023,Facebook,text,1965,542,147,8241
12/19/2022,Facebook,video,1792,660,184,9614
7/21/2023,Twitter,text,749,626,123,4056
4/12/2023,Facebook,video,1668,727,263,8392
3/9/2023,Facebook,text,1638,688,434,6427
10/16/2022,Twitter,text,1207,367,132,5559
11/2/2022,Instagram,image,1435,546,325,8579
1/4/2023,Facebook,text,1928,823,307,5465
12/22/2022,Facebook,video,1099,715,484,4521
2/9/2023,Twitter,video,920,679,291,7862
4/28/2023,Instagram,video,2106,740,429,9828
2/21/2023,Facebook,image,1178,441,384,5487
3/12/2023,Twitter,text,412,249,107,8118
10/31/2022,Twitter,text,579,308,230,6120
5/25/2023,Twitter,image,1843,543,338,5217
9/4/2023,Facebook,text,923,477,481,9104
5/23/2023,Twitter,text,757,278,494,5244
8/9/2023,Facebook,image,1658,804,189,4818
11/22/2022,Twitter,image,717,875,228,4388
1/2/2023,Facebook,text,936,601,297,9818
6/24/2023,Twitter,video,1133,436,243,6104
10/9/2023,Instagram,text,405,126,471,9830
9/4/2023,Twitter,image,1788,223,164,5406
3/3/2023,Twitter,video,1777,872,497,8424
6/5/2023,Twitter,video,1707,345,380,8604
2/17/2023,Facebook,text,1433,478,343,5355
1/25/2023,Instagram,video,1951,486,399,4482
10/14/2022,Facebook,video,627,812,385,8691
4/22/2023,Instagram,video,522,332,421,7520
10/5/2023,Instagram,video,1378,133,174,7304
5/7/2023,Instagram,video,843,467,231,8800
2/20/2023,Instagram,text,2175,225,237,8741
8/19/2023,Twitter,text,980,448,481,9684
6/6/2023,Facebook,image,1907,163,480,4306
9/9/2023,Instagram,text,916,500,498,4075
9/10/2023,Facebook,text,1503,820,314,7144
3/17/2023,Facebook,text,2197,611,218,8094
9/7/2023,Instagram,text,1751,753,299,6254
6/19/2023,Twitter,image,2030,423,374,8549
2/16/2023,Twitter,image,2018,127,254,6328
12/6/2022,Facebook,image,650,247,247,8841
6/19/2023,Facebook,video,1584,425,151,7139
10/13/2023,Twitter,image,496,326,126,6376
2/3/2023,Facebook,video,0,115,226,8128
12/20/2022,Instagram,video,489,522,446,9614
2/20/2023,Instagram,video,876,509,312,5921
3/9/2023,Facebook,image,1575,167,421,9374
4/9/2023,Instagram,text,1080,259,366,6767
10/19/2022,Facebook,text,1435,194,478,4387
3/27/2023,Twitter,text,1503,183,494,9989
7/31/2023,Twitter,image,2080,376,468,7792
12/9/2022,Twitter,video,1852,296,144,6617
7/11/2023,Facebook,image,1757,524,382,9865
5/31/2023,Twitter,image,1595,869,331,9376
5/25/2023,Facebook,video,701,345,328,6221
9/1/2023,Facebook,text,0,404,467,9055
1/15/2023,Twitter,video,1251,260,322,9724
10/25/2022,Twitter,text,1877,403,150,9291
11/3/2022,Facebook,video,1921,577,374,4956
5/12/2023,Facebook,text,462,833,163,6118
4/4/2023,Twitter,image,583,218,127,4699
5/1/2023,Facebook,text,1661,647,385,4177
1/2/2023,Facebook,text,1795,512,146,7880
4/13/2023,Instagram,image,1726,116,213,8265
10/10/2023,Twitter,video,738,324,150,4225
8/31/2023,Twitter,video,1975,385,290,4209
1/4/2023,Instagram,video,854,426,270,6019
4/6/2023,Instagram,video,1590,887,225,8061
12/2/2022,Twitter,video,867,343,331,5152
6/5/2023,Facebook,video,601,595,138,5447
10/26/2022,Facebook,video,1852,684,185,6223
10/27/2022,Instagram,video,881,350,217,8945
10/30/2022,Twitter,video,1640,651,304,8268
10/18/2022,Twitter,image,1184,348,500,4221
3/2/2023,Twitter,text,2118,334,418,7951
9/2/2023,Twitter,image,702,185,229,7824
3/18/2023,Instagram,image,1279,230,344,7855
3/15/2023,Twitter,text,996,612,365,4894
1/18/2023,Instagram,text,1862,803,224,8919
12/21/2022,Instagram,image,1323,509,208,7568
5/4/2023,Twitter,text,815,820,179,7674
4/1/2023,Twitter,video,1445,205,171,9511
11/30/2022,Twitter,image,1910,530,431,4818
10/3/2023,Twitter,video,1562,323,194,4291
7/9/2023,Twitter,video,808,440,248,8990
6/22/2023,Twitter,video,1456,437,224,9989
11/25/2022,Instagram,video,2045,482,109,8918
1/22/2023,Instagram,video,528,860,192,6298
1/24/2023,Instagram,image,416,331,156,6552
7/4/2023,Instagram,text,985,275,266,8175
10/13/2023,Twitter,text,2016,505,268,4469
6/26/2023,Facebook,image,1154,171,108,9577
5/25/2023,Facebook,image,539,833,298,7247
12/4/2022,Twitter,text,1508,101,151,6543
6/21/2023,Instagram,text,1650,281,382,6975
1/10/2023,Twitter,video,528,625,266,8356
3/3/2023,Twitter,video,1466,337,309,6508
10/3/2023,Instagram,video,1609,318,310,4043
11/4/2022,Facebook,video,751,893,415,4968
12/16/2022,Twitter,video,738,382,207,6090
8/14/2023,Facebook,text,1838,677,490,9623
8/11/2023,Twitter,image,1516,809,377,5499
5/21/2023,Instagram,text,1396,570,118,4282
5/18/2023,Facebook,text,1561,378,263,7533
9/25/2023,Instagram,video,559,524,338,6201
5/31/2023,Facebook,text,2001,220,393,4003
10/1/2023,Facebook,video,1387,299,342,7145
6/5/2023,Facebook,image,1194,619,434,5784
4/23/2023,Facebook,text,1366,495,415,6657
9/17/2023,Twitter,video,1625,318,453,4198
10/30/2022,Instagram,image,1247,156,142,5743
7/5/2023,Twitter,video,1604,813,353,6526
12/28/2022,Facebook,video,697,187,154,4666
5/25/2023,Instagram,text,1849,313,176,8975
2/21/2023,Instagram,text,1066,481,157,4423
11/11/2022,Twitter,image,1845,192,382,4115
7/20/2023,Instagram,image,1406,833,391,5570
2/21/2023,Twitter,text,565,824,422,9195
10/13/2023,Facebook,image,2053,793,489,9140
11/22/2022,Facebook,image,1701,719,467,7982
5/3/2023,Facebook,text,1635,149,357,5346
9/11/2023,Twitter,image,2162,854,289,8143
9/29/2023,Instagram,video,1073,380,277,5219
2/4/2023,Facebook,video,1426,380,430,8287
7/18/2023,Twitter,video,1458,681,371,5432
8/13/2023,Twitter,text,1989,499,285,6428
4/22/2023,Instagram,text,995,246,366,4237
8/6/2023,Facebook,image,1547,818,370,8768
9/7/2023,Facebook,video,959,398,483,9915
11/30/2022,Facebook,image,1156,395,455,6757
6/25/2023,Instagram,text,1627,436,261,8491
11/17/2022,Instagram,video,1728,844,377,6945
5/1/2023,Twitter,image,2089,735,423,9541
4/5/2023,Facebook,image,673,812,111,5974
10/11/2023,Twitter,video,1022,697,181,8644
9/26/2023,Twitter,image,426,101,465,9380
1/7/2023,Facebook,video,695,153,237,7240
10/15/2022,Twitter,image,1849,507,185,5816
7/14/2023,Twitter,text,737,335,385,6699
6/24/2023,Instagram,image,471,425,350,6945
10/11/2023,Twitter,image,775,373,353,9050
7/4/2023,Instagram,video,800,479,267,7213
5/14/2023,Twitter,video,1555,248,464,7302
9/26/2023,Facebook,video,1748,732,132,7555
12/23/2022,Twitter,video,1108,221,172,9336
8/3/2023,Instagram,text,2138,302,491,6764
8/25/2023,Facebook,image,944,217,484,7092
8/4/2023,Facebook,video,1549,666,284,4558
4/4/2023,Facebook,video,986,869,162,6127
2/7/2023,Instagram,image,1517,540,486,9797
10/27/2022,Twitter,video,752,293,235,6609
7/7/2023,Twitter,text,707,783,420,9287
10/3/2023,Facebook,image,871,562,243,4592
7/28/2023,Twitter,video,1231,130,155,5883
8/8/2023,Twitter,image,1338,372,232,4552
1/14/2023,Twitter,video,1400,456,320,7624
6/28/2023,Twitter,text,679,127,431,7238
4/4/2023,Twitter,image,793,762,460,9883
6/7/2023,Twitter,image,1928,826,142,5379
1/3/2023,Twitter,image,1376,540,482,9878
8/14/2023,Twitter,video,1099,151,330,5682
1/7/2023,Instagram,image,2112,259,362,6073
6/11/2023,Twitter,image,654,122,313,8736
3/15/2023,Twitter,image,556,856,433,8640
11/9/2022,Facebook,video,457,319,492,4349
10/1/2023,Instagram,text,698,893,280,5836
12/13/2022,Twitter,text,1158,779,260,7984
9/14/2023,Facebook,text,1014,898,425,8844
6/3/2023,Instagram,video,639,300,180,0
2/9/2023,Twitter,text,634,860,405,6299
6/30/2023,Facebook,video,1291,324,335,5435
11/22/2022,Twitter,image,1922,307,149,7533
11/17/2022,Facebook,text,832,213,482,9172
12/26/2022,Instagram,text,1209,129,341,4532
6/5/2023,Instagram,image,1289,688,223,7266
2/7/2023,Twitter,image,1436,441,477,4574
7/11/2023,Facebook,video,1459,270,229,5562
6/26/2023,Facebook,image,2172,640,402,5771
8/26/2023,Twitter,image,1691,220,145,7268
7/30/2023,Instagram,text,951,491,495,9977
8/7/2023,Twitter,text,1518,858,256,8541
1/7/2023,Twitter,video,1800,893,408,6408
3/17/2023,Instagram,image,1562,515,488,5537
6/9/2023,Instagram,image,634,357,164,9281
10/6/2023,Twitter,image,1438,425,421,4340
7/1/2023,Instagram,image,1340,789,321,9759
11/15/2022,Instagram,text,870,348,291,7667
1/10/2023,Twitter,image,809,645,491,5626
6/17/2023,Instagram,text,1274,641,163,7537
8/29/2023,Instagram,text,1220,645,420,9408
4/4/2023,Facebook,text,1090,835,323,7643
9/28/2023,Twitter,image,1403,725,215,9987
3/16/2023,NonExistingPlatform,video,1434,317,188,8643
12/2/2022,Facebook,video,2115,364,462,8084
12/31/2022,Twitter,video,459,627,295,7917
2/28/2023,Twitter,image,721,511,483,7982
4/12/2023,Twitter,text,1949,474,143,6995
5/28/2023,Facebook,text,2033,236,178,7315
6/30/2023,Facebook,video,2037,125,140,6852
2/13/2023,Facebook,text,852,771,114,8814
8/9/2023,Instagram,text,1112,591,460,8554
4/4/2023,Twitter,image,1369,167,399,6149
3/15/2023,Twitter,text,448,463,261,4699
2/3/2023,Twitter,video,658,477,259,5505
4/20/2023,Facebook,image,1445,525,419,5527
2/11/2023,Instagram,image,828,741,279,8134
8/12/2023,Facebook,image,997,591,492,7327
7/3/2023,Facebook,image,1467,837,375,8266
7/28/2023,Instagram,text,1749,894,175,8134
11/12/2022,Twitter,image,766,424,162,9857
7/6/2023,Facebook,video,1412,480,423,4495
12/3/2022,Facebook,text,583,842,280,7639
2/20/2023,Instagram,image,1150,508,365,7227
10/22/2022,Twitter,video,1328,805,410,6282
7/18/2023,Facebook,video,1345,308,327,9191
11/18/2022,Twitter,text,1802,704,262,4169
11/16/2022,Instagram,text,1328,726,470,6454
3/28/2023,Twitter,video,1105,413,256,6050
4/22/2023,Instagram,video,1787,821,205,9550
12/15/2022,Instagram,video,1784,792,256,4602
11/19/2022,Instagram,image,1716,549,122,8949
4/28/2023,Instagram,image,1668,337,417,6311
11/4/2022,Twitter,text,1224,351,432,9529
12/3/2022,Instagram,image,771,276,459,6118
11/30/2022,Facebook,text,1563,241,296,9807
4/29/2023,Twitter,text,1190,426,367,6160
5/25/2023,Instagram,text,1696,234,144,8205
10/4/2023,Facebook,video,882,704,495,6932
3/5/2023,Twitter,video,522,258,427,9435
8/28/2023,Instagram,text,2061,698,308,4871
11/25/2022,Instagram,text,1835,434,343,6008
12/4/2022,Twitter,video,981,318,438,6099
1/23/2023,Twitter,image,1387,746,160,7117
7/6/2023,Facebook,video,1339,608,318,6209
10/10/2023,Twitter,video,1598,121,347,6310
4/11/2023,Twitter,video,1554,443,440,6264
10/14/2022,Instagram,text,949,316,217,7760
9/6/2023,Twitter,image,470,399,286,9532
10/23/2022,Facebook,video,1501,320,331,6778
10/12/2023,Instagram,video,1238,899,425,5855
1/30/2023,Instagram,image,1233,372,116,8283
9/29/2023,Twitter,video,1014,762,140,6763
3/27/2023,Facebook,video,1375,125,152,7333
5/3/2023,Instagram,image,2006,223,459,6930
2/14/2023,Twitter,text,643,190,391,4446
7/16/2023,Facebook,video,2123,196,490,5694
8/17/2023,Facebook,video,1959,270,374,9223
5/30/2023,Instagram,text,781,510,230,7305
6/15/2023,Instagram,video,1978,867,377,8922
11/24/2022,Twitter,video,2188,402,266,7059
1/2/2023,Facebook,image,548,437,379,8831
6/5/2023,Facebook,video,1875,479,158,6053
10/15/2022,Twitter,text,2126,580,106,6650
9/3/2023,Instagram,video,1353,0,487,7936
8/25/2023,Instagram,text,2147,293,463,4234
11/19/2022,Twitter,image,1580,270,382,9539
5/22/2023,Facebook,image,1767,207,223,7684
10/20/2022,Twitter,video,2146,255,444,9596
3/16/2023,Twitter,video,820,797,228,5961
8/26/2023,Twitter,text,1870,760,168,6891
7/6/2023,Instagram,image,2188,203,314,6051
1/5/2023,Facebook,video,1308,403,499,7651
7/15/2023,Facebook,video,1325,727,473,6011
8/3/2023,Twitter,image,2091,754,366,9838
11/15/2022,Facebook,text,817,575,171,5881
11/18/2022,Facebook,image,1665,894,135,6442
7/8/2023,Twitter,text,469,476,123,8136
6/6/2023,Instagram,text,553,603,271,4905
10/30/2022,Twitter,video,1191,740,166,9044
9/21/2023,Facebook,video,1741,722,273,5333
5/27/2023,Instagram,text,1523,255,289,4888
12/23/2022,Instagram,image,2058,659,438,6003
4/25/2023,Twitter,image,1247,265,108,5087
9/14/2023,Facebook,video,1400,273,445,0
5/26/2023,Instagram,text,639,248,125,4972
12/27/2022,Instagram,video,1343,718,409,8055
10/28/2022,Instagram,image,1212,664,220,6445
9/21/2023,Instagram,video,804,639,289,8483
4/30/2023,Instagram,image,1461,701,228,9742
1/7/2023,Instagram,image,689,123,191,5503
11/16/2022,Facebook,text,1906,852,343,5595
5/20/2023,Instagram,video,543,497,292,8667
12/23/2022,Instagram,image,572,522,458,6665
8/22/2023,Instagram,image,1620,836,279,5653
4/27/2023,Twitter,video,776,333,328,5414
4/16/2023,Twitter,video,2124,840,457,8901
6/22/2023,Twitter,text,1715,482,146,7545
9/20/2023,Facebook,video,2125,172,292,6547
3/7/2023,Twitter,text,954,316,127,4305
11/11/2022,Facebook,text,1807,767,497,5650
8/23/2023,Instagram,image,2078,236,402,4822
12/11/2022,Twitter,video,1241,261,343,4485
6/16/2023,Twitter,text,679,754,329,8253
2/16/2023,Facebook,text,909,900,364,4319
8/27/2023,Instagram,video,1921,450,370,8957
12/26/2022,Twitter,text,873,758,328,4757
7/5/2023,Facebook,text,929,610,394,6636
3/2/2023,Facebook,image,739,594,209,5022
8/7/2023,Facebook,image,612,690,258,5908
5/5/2023,Twitter,text,1135,266,131,7334
3/1/2023,Instagram,image,2035,436,211,8546
10/31/2022,Facebook,video,1947,813,310,5268
2/18/2023,Facebook,text,2053,873,352,4961
12/29/2022,Twitter,text,461,232,211,4413
4/2/2023,Twitter,text,1892,160,232,5363
6/22/2023,Instagram,video,841,764,365,5772
5/26/2023,Twitter,text,881,596,209,8212
1/8/2023,Facebook,image,441,198,152,9682
6/30/2023,Instagram,video,964,864,252,4885
4/29/2023,Instagram,video,1142,856,497,9735
7/11/2023,Twitter,text,537,826,443,6382
11/1/2022,Instagram,text,1471,255,364,5177
6/16/2023,Twitter,video,1901,270,313,7879
2/25/2023,Twitter,video,1906,500,322,9758
4/2/2023,Facebook,video,491,779,344,6413
2/18/2023,Instagram,text,2090,279,172,8290
8/14/2023,Instagram,image,803,874,224,7414
6/24/2023,Facebook,image,856,156,401,9651
1/15/2023,Twitter,image,1614,607,125,7262
11/16/2022,Instagram,video,448,640,185,9981
12/25/2022,Facebook,image,2015,288,149,7264
1/3/2023,Facebook,text,493,664,256,4446
12/22/2022,Facebook,image,1389,417,241,5477
3/5/2023,Instagram,video,695,600,426,5704
10/7/2023,Instagram,image,1872,243,257,9742
2/7/2023,Twitter,image,713,433,491,4144
1/18/2023,Instagram,text,1270,119,281,4046
12/18/2022,Twitter,text,1028,511,230,4993
1/12/2023,Twitter,text,1006,471,153,5020
10/15/2022,Facebook,image,2104,640,263,4077
5/18/2023,Twitter,image,680,793,275,9406
4/27/2023,Instagram,video,1693,131,426,7912
3/13/2023,Twitter,image,2010,210,316,9257
11/13/2022,Facebook,video,1813,584,497,6216
6/1/2023,Twitter,text,2004,277,140,4937
10/7/2023,Instagram,text,1791,232,278,6632
8/26/2023,Instagram,text,1898,375,276,9633
8/26/2023,Facebook,text,859,377,268,6210
3/24/2023,Twitter,image,1451,482,460,5459
1/27/2023,Facebook,image,1264,350,377,5420
5/31/2023,Twitter,text,677,442,468,9630
12/12/2022,Instagram,video,786,353,358,6863
8/21/2023,Facebook,text,963,851,163,0
4/30/2023,Instagram,text,1852,309,292,6033
4/7/2023,Twitter,video,1093,287,439,9508
5/6/2023,Twitter,image,1099,699,402,4673
6/8/2023,Facebook,text,1527,304,263,9426
7/5/2023,Facebook,image,1257,785,374,7472
5/16/2023,Twitter,video,919,700,315,4533
1/3/2023,Instagram,image,1873,143,140,5396
5/20/2023,Instagram,image,745,579,482,7885
2/18/2023,Twitter,image,661,487,224,7764
1/22/2023,Twitter,image,1444,674,397,8964
8/15/2023,Facebook,video,766,620,320,7599
6/6/2023,Twitter,video,617,459,377,4457
6/9/2023,Instagram,image,1849,845,299,5381
11/2/2022,Facebook,text,1155,417,327,7616
7/11/2023,Twitter,image,2131,126,164,6900
8/11/2023,Instagram,image,597,437,198,4401
1/1/2023,Instagram,image,445,360,189,4728
9/6/2023,Twitter,text,1661,893,103,9686
7/24/2023,Twitter,image,1418,699,490,8021
3/1/2023,Twitter,video,1705,706,334,6055
12/16/2022,Facebook,image,1957,136,119,5049
2/2/2023,Twitter,image,1216,159,264,7518
10/1/2023,Instagram,image,505,565,441,5595
6/11/2023,Facebook,text,1632,814,200,5603
3/22/2023,Instagram,image,689,206,103,7587
1/15/2023,Instagram,image,1969,184,260,8248
9/19/2023,Instagram,video,1504,888,391,5782
5/13/2023,Instagram,video,1788,728,359,4646
2/16/2023,Instagram,image,1644,100,289,8326
1/19/2023,Facebook,image,1783,673,343,9623
7/4/2023,Twitter,video,818,236,272,6186
7/31/2023,Instagram,video,2159,127,268,8632
11/20/2022,Twitter,text,867,628,337,7523
8/10/2023,Twitter,image,1108,364,413,7293
6/2/2023,Facebook,text,1008,616,367,9745
8/4/2023,Facebook,text,1594,869,302,4408
12/1/2022,Instagram,text,1242,683,125,4886
10/13/2023,Instagram,text,2063,123,319,8101
7/21/2023,Instagram,video,851,464,113,6949
3/7/2023,Instagram,video,742,896,153,7160
7/19/2023,Facebook,text,1382,568,159,4805
3/5/2023,Instagram,video,2199,759,286,8065
8/22/2023,Instagram,image,796,539,337,5083
9/29/2023,Instagram,text,833,730,203,9008
5/12/2023,Twitter,image,1660,530,291,9762
2/1/2023,Twitter,image,625,490,390,7689
12/25/2022,Facebook,image,1541,491,388,7509
8/8/2023,Instagram,video,1971,634,174,4807
3/18/2023,Instagram,video,1184,494,266,4328
12/13/2022,Twitter,video,2021,107,490,8040
11/13/2022,Instagram,image,2166,254,342,4229
5/10/2023,Facebook,video,1012,716,397,9145
1/29/2023,Instagram,image,588,507,436,4252
9/23/2023,Facebook,image,1146,175,220,8399
8/18/2023,Facebook,image,437,439,277,9563
10/13/2023,Twitter,text,2136,378,435,4415
4/18/2023,Instagram,text,461,500,414,5582
3/21/2023,Instagram,image,1742,275,348,7532
2/13/2023,Facebook,image,2098,739,277,8474
9/4/2023,Twitter,text,542,192,499,8471
6/15/2023,Twitter,text,2056,110,357,8059
11/14/2022,Facebook,text,2105,899,290,6528
9/26/2023,Twitter,image,1177,383,130,4470
9/17/2023,Facebook,video,814,125,388,6239
9/1/2023,Twitter,image,1381,581,410,9339
5/26/2023,Instagram,video,565,452,388,9033
11/6/2022,Facebook,video,1322,646,204,9782
1/28/2023,Twitter,text,1612,269,115,5248
4/26/2023,Twitter,image,1351,638,233,8382
3/31/2023,Twitter,video,1312,873,412,7282
9/18/2023,Instagram,image,1626,871,225,8820
4/3/2023,Twitter,text,1683,403,178,9714
1/10/2023,Instagram,image,1961,514,170,5459
7/22/2023,Instagram,text,1526,788,388,7525
11/16/2022,Facebook,text,1996,795,142,7884
1/31/2023,Facebook,video,747,595,140,6843
6/2/2023,Twitter,text,1869,267,329,5248
1/3/2023,Facebook,video,891,280,163,0
4/15/2023,Twitter,video,1715,426,211,9412
1/8/2023,Facebook,video,1505,360,384,9624
7/10/2023,Facebook,image,997,832,280,7226
6/23/2023,Facebook,video,511,421,386,8620
10/4/2023,Instagram,video,1110,159,269,8156
10/8/2023,Twitter,image,1490,175,363,7006
6/2/2023,Facebook,video,2173,395,412,6407
4/1/2023,Facebook,video,817,676,143,4845
10/28/2022,Twitter,video,915,387,485,7739
9/20/2023,Facebook,video,1445,129,170,8095
4/17/2023,Instagram,text,2037,454,202,8749
3/27/2023,Twitter,video,1998,808,487,9758
12/20/2022,Instagram,video,1418,678,309,4145
3/15/2023,Twitter,video,776,696,498,8442
7/12/2023,Facebook,video,894,240,213,8424
4/27/2023,Twitter,text,1557,425,114,4263
9/11/2023,Instagram,text,887,715,125,8776
10/30/2022,Instagram,video,1968,540,444,5172
7/7/2023,Twitter,video,1063,471,462,5551
7/23/2023,Twitter,image,881,250,300,5529
4/26/2023,Instagram,text,1592,146,490,4950
10/17/2022,Instagram,video,1307,328,415,9355
3/7/2023,Facebook,image,1361,547,478,4917
8/8/2023,Twitter,video,1028,636,500,4046
4/20/2023,Instagram,image,1740,850,416,7633
7/12/2023,Twitter,text,1071,357,256,5541
9/21/2023,Instagram,video,851,262,126,4578
12/22/2022,Instagram,image,2169,107,480,6470
7/17/2023,Twitter,video,1344,455,277,4830
1/23/2023,Facebook,text,2041,504,480,7333
4/6/2023,Twitter,text,2123,738,172,4634
10/1/2023,Instagram,image,1044,468,117,9346
1/18/2023,Twitter,text,857,191,254,8912
8/15/2023,Instagram,text,1439,194,191,7362
6/8/2023,Instagram,video,1442,411,405,5725
11/21/2022,Twitter,text,1814,754,185,4043
3/3/2023,Instagram,image,1189,273,451,6330
9/11/2023,Facebook,image,1910,678,173,5775
11/16/2022,Facebook,text,974,367,253,4112
10/25/2022,NonExistingPlatform,video,1876,883,249,5583
3/2/2023,Facebook,image,694,561,292,5978
10/18/2022,Facebook,video,970,297,429,4430
6/22/2023,Facebook,video,2142,110,110,4779
10/6/2023,Instagram,image,2045,682,194,5364
11/21/2022,Instagram,text,630,532,0,8841
4/12/2023,Twitter,video,1596,734,263,4299
11/15/2022,Instagram,text,1549,809,457,5942
2/28/2023,Facebook,text,657,146,416,8187
6/16/2023,Instagram,image,1592,111,224,4059
12/7/2022,Twitter,video,1160,241,402,5805
2/22/2023,Instagram,image,452,556,153,6612
2/28/2023,Facebook,video,1532,362,233,5732
4/28/2023,Instagram,image,2139,575,468,8827
8/16/2023,Facebook,video,1811,697,198,8791
6/14/2023,Twitter,video,947,239,196,4799
1/19/2023,Instagram,image,1615,269,415,4951
6/4/2023,Twitter,image,442,787,366,8137
6/20/2023,Instagram,image,558,478,457,7422
8/1/2023,Twitter,text,2018,355,435,8740
7/5/2023,Instagram,image,1016,566,477,4140
3/13/2023,Facebook,image,495,141,494,4503
9/14/2023,Twitter,video,1248,243,363,5748
11/2/2022,Twitter,image,1136,228,227,8137
6/26/2023,Instagram,image,1916,639,419,0
8/28/2023,Twitter,video,1567,488,346,9240
5/20/2023,Twitter,text,1820,843,238,5475
6/4/2023,Twitter,image,1089,535,140,5699
2/23/2023,Twitter,text,685,335,148,9007
4/9/2023,Twitter,image,825,185,458,9353
6/2/2023,Facebook,text,911,545,134,7385
11/1/2022,Instagram,image,995,663,500,7034
10/16/2022,Instagram,text,1639,872,337,8755
1/17/2023,Instagram,video,1012,405,306,8323
4/4/2023,Twitter,image,1396,743,282,4272
3/7/2023,Instagram,image,1762,253,499,7892
6/7/2023,Instagram,text,568,359,308,5952
10/25/2022,Instagram,text,565,670,199,5681
11/23/2022,Twitter,text,1284,733,244,7352
6/5/2023,Instagram,image,598,698,156,7574
8/31/2023,Twitter,text,1420,217,424,4536
7/12/2023,Facebook,image,614,107,480,7241
5/21/2023,Twitter,video,1218,781,370,9701
12/23/2022,Twitter,text,1343,305,266,9184
10/6/2023,Instagram,text,1555,363,472,4538
8/27/2023,Facebook,image,663,189,220,9521
9/4/2023,Instagram,video,490,153,287,7421
4/29/2023,Facebook,image,1982,664,223,9128
1/22/2023,Facebook,text,2162,801,449,9510
7/27/2023,Instagram,text,1583,527,486,9075
4/26/2023,Instagram,text,1447,117,410,9945
6/26/2023,Instagram,image,721,233,459,7774
8/28/2023,Instagram,video,1961,443,263,5410
10/29/2022,Twitter,image,1660,470,374,6571
11/3/2022,Instagram,image,1394,635,431,9486
4/14/2023,Instagram,video,1513,774,193,5985
3/8/2023,Instagram,image,895,811,225,9655
5/6/2023,Instagram,video,878,290,389,7559
4/13/2023,Twitter,image,1925,286,213,9741
10/1/2023,Instagram,image,617,376,296,5552
11/13/2022,Twitter,video,423,458,230,6681
3/3/2023,Twitter,text,1757,789,428,4390
5/25/2023,Instagram,video,1129,473,429,6635
11/12/2022,Twitter,video,1746,450,273,6583
6/1/2023,Twitter,video,980,770,334,4875
5/20/2023,Twitter,image,1609,147,416,7937
7/12/2023,Facebook,image,1668,526,461,4667
5/15/2023,Instagram,video,1095,194,151,8105
12/10/2022,Instagram,text,746,157,193,4752
12/6/2022,Instagram,text,2098,318,431,8962
6/17/2023,Twitter,video,1495,240,300,9297
9/24/2023,Twitter,text,663,144,175,7544
1/9/2023,Twitter,video,1196,267,439,8444
1/21/2023,Facebook,image,0,110,483,4038
12/22/2022,Twitter,video,2087,282,338,5998
7/29/2023,Facebook,text,1926,838,260,7893
3/2/2023,Instagram,image,1180,354,456,5396
2/8/2023,Instagram,video,1893,492,339,9174
8/22/2023,Twitter,image,1276,664,381,5408
1/7/2023,Twitter,video,1037,144,332,9137
10/1/2023,Facebook,text,893,254,379,4730
11/30/2022,Facebook,image,1175,611,183,5616
2/16/2023,Twitter,video,1722,278,227,6847
7/21/2023,Facebook,image,1343,183,263,5885
12/16/2022,Twitter,text,1893,823,152,9659
10/22/2022,Twitter,image,1456,781,484,9195
2/5/2023,Facebook,image,1930,429,458,9362
1/11/2023,Twitter,image,2041,197,364,4077
4/7/2023,Twitter,video,648,278,431,4558
2/24/2023,Instagram,video,1112,720,321,8797
10/9/2023,Instagram,image,1015,491,201,7524
7/18/2023,Twitter,image,996,587,151,5023
7/1/2023,Facebook,video,1911,145,239,7107
4/6/2023,Facebook,image,1640,116,497,4427
10/15/2022,Twitter,text,1608,742,140,8036
5/25/2023,Facebook,text,999,137,236,4954
8/17/2023,Facebook,text,1272,253,410,8866
3/20/2023,Twitter,video,1166,604,231,8569
9/19/2023,Instagram,video,2051,352,351,8223
5/21/2023,Instagram,text,1185,793,259,8437
3/14/2023,Twitter,video,1084,212,425,4214
5/14/2023,Facebook,text,1503,703,159,4275
1/7/2023,Facebook,video,1908,641,212,9314
12/28/2022,Facebook,text,1183,666,358,6198
2/23/2023,Twitter,image,1164,466,139,7318
10/28/2022,Facebook,image,753,618,227,8010
6/23/2023,Facebook,video,1807,396,259,7349
1/17/2023,Facebook,video,2153,649,447,6425
10/14/2022,Facebook,image,1839,530,293,9667
4/23/2023,Instagram,image,1980,323,217,5760
9/27/2023,Twitter,image,1664,282,476,8693
10/3/2023,Facebook,text,583,364,268,5361
2/10/2023,Twitter,video,975,460,327,8181
10/21/2022,Twitter,video,596,538,303,6550
5/17/2023,Twitter,image,1342,892,317,8001
5/30/2023,Instagram,image,1856,513,293,8131
9/10/2023,Instagram,image,910,486,406,5731
10/26/2022,Instagram,video,2130,765,181,9787
10/3/2023,Twitter,image,1815,574,176,6845
5/12/2023,Instagram,image,1509,820,498,5407
2/27/2023,Twitter,text,526,177,167,8247
10/15/2022,Twitter,video,481,488,146,4531
3/12/2023,Twitter,video,1042,541,171,5164
6/2/2023,Instagram,video,1551,437,386,5891
7/30/2023,Twitter,text,1510,180,382,4167
5/20/2023,Facebook,image,1941,581,422,8966
1/13/2023,Facebook,video,1327,623,286,8154
11/22/2022,Instagram,image,1888,464,105,4552
10/19/2022,Instagram,text,1096,662,454,9274
3/2/2023,Instagram,image,1708,699,281,9631
2/14/2023,Instagram,image,1334,451,152,5642
10/31/2022,Twitter,image,950,880,463,6306
10/31/2022,Twitter,video,1996,523,279,7796
1/3/2023,Twitter,image,2114,225,474,4883
10/21/2022,Twitter,video,623,415,149,9094
5/9/2023,Instagram,image,1267,833,174,4979
10/1/2023,Instagram,text,613,596,176,7990
2/7/2023,Facebook,image,2161,234,283,9270
4/28/2023,Facebook,text,1571,342,418,8581
7/27/2023,Twitter,text,2036,449,0,9232
4/14/2023,Instagram,video,1947,269,128,5584
10/10/2023,Twitter,text,1267,327,217,9025
9/29/2023,Instagram,text,590,362,245,4356
4/29/2023,Facebook,video,1468,361,290,8599
9/6/2023,NonExistingPlatform,image,1277,535,195,5215
12/2/2022,Instagram,image,1336,696,332,4127
9/10/2023,Instagram,text,1484,512,129,4823
10/28/2022,Facebook,text,2078,825,452,4369
3/10/2023,Twitter,text,1334,110,226,4228
1/24/2023,Twitter,video,1307,300,206,8704
11/25/2022,Instagram,text,2052,401,151,4692
7/9/2023,Facebook,image,867,447,185,5650
6/1/2023,Twitter,image,787,308,301,4000
3/21/2023,Instagram,text,1952,685,358,6335
7/14/2023,Twitter,text,406,332,496,7775
2/17/2023,Instagram,video,1594,135,271,6669
12/5/2022,Twitter,text,792,745,432,6347
4/16/2023,Twitter,video,2105,636,303,4433
5/2/2023,Twitter,text,2008,556,385,4633
1/27/2023,Facebook,image,419,137,182,7037
4/8/2023,Instagram,image,430,235,404,4836
12/15/2022,Facebook,text,2140,360,317,5779
3/15/2023,Facebook,text,751,757,168,7896
1/27/2023,Instagram,text,1161,514,471,8824
5/26/2023,Instagram,text,1960,412,111,9313
5/20/2023,Facebook,image,422,240,272,5526
8/12/2023,Instagram,video,1639,497,375,9228
10/4/2023,Twitter,image,697,204,332,5716
5/29/2023,Facebook,video,1633,290,336,4528
6/30/2023,Instagram,image,1297,172,144,4655
4/17/2023,Twitter,video,971,520,342,4164
12/26/2022,Facebook,image,598,590,373,4892
5/21/2023,Facebook,image,1701,877,239,6982
8/30/2023,Instagram,text,1971,845,302,4022
8/16/2023,Instagram,text,883,892,194,4118
5/9/2023,Facebook,text,2078,661,321,7994
2/10/2023,Twitter,image,1121,332,407,6550
2/22/2023,Facebook,video,1081,174,116,6393
8/5/2023,Twitter,video,1809,111,276,5909
6/26/2023,Twitter,video,1517,801,361,5738
5/7/2023,Instagram,image,696,0,485,9562
11/30/2022,Instagram,text,1268,295,380,7415
10/22/2022,Twitter,image,1103,444,267,9756
10/2/2023,Facebook,image,778,496,148,4003
4/12/2023,Instagram,image,1023,637,427,8054
4/9/2023,Facebook,video,573,222,451,5364
6/1/2023,Facebook,text,1647,714,161,4295
1/15/2023,Instagram,text,1090,584,176,8994
3/24/2023,Instagram,image,1497,176,113,4928
6/6/2023,Twitter,video,595,581,301,9415
6/7/2023,Facebook,image,2193,343,276,5693
10/22/2022,Instagram,video,1559,898,139,9531
2/22/2023,Facebook,text,717,632,405,6672
9/10/2023,Twitter,image,1613,747,185,5418
9/15/2023,Instagram,image,456,806,303,8390
2/27/2023,Instagram,video,1031,768,353,8224
5/24/2023,Twitter,video,1432,532,414,4667
5/18/2023,Instagram,text,1951,632,426,4712
12/30/2022,Twitter,text,1165,194,178,4193
6/13/2023,Instagram,video,1365,277,121,6811
1/3/2023,Facebook,image,879,713,357,7867
4/17/2023,Twitter,video,1021,835,163,5690
12/2/2022,Instagram,video,1855,578,334,5541
9/6/2023,Twitter,text,1881,281,386,7431
11/28/2022,Twitter,image,1937,758,424,8152
12/14/2022,Instagram,text,1207,149,210,9307
11/28/2022,Twitter,text,1162,342,280,7446
1/19/2023,Instagram,video,824,346,448,9806
5/24/2023,Facebook,video,1291,185,461,4771
3/26/2023,Instagram,text,1761,888,415,8090
8/30/2023,Twitter,image,814,748,253,6518
5/3/2023,Instagram,video,1907,649,114,9246
12/28/2022,Facebook,image,1221,120,305,5031
2/10/2023,Twitter,text,1233,867,486,7925
11/21/2022,Instagram,image,898,792,104,9764
9/13/2023,Twitter,text,1560,823,390,8446
7/6/2023,Instagram,text,1184,254,196,6094
2/25/2023,Instagram,image,1738,561,181,4213
9/1/2023,Twitter,video,1555,643,239,4360
10/4/2023,Facebook,video,2166,790,352,0
9/15/2023,Twitter,image,1052,318,411,9196
12/31/2022,Twitter,text,764,289,346,6923
3/18/2023,Twitter,image,1962,289,326,7530
2/16/2023,Twitter,video,721,276,175,5225
4/1/2023,Facebook,video,1491,514,133,9109
2/25/2023,Instagram,image,1869,341,456,8458
7/10/2023,Twitter,text,2159,356,206,6220
12/23/2022,Twitter,text,2100,290,422,4723
1/23/2023,Facebook,text,419,263,185,6742
8/8/2023,Twitter,video,1939,578,121,8833
9/5/2023,Twitter,video,1967,200,324,7711
8/9/2023,Instagram,image,412,876,408,9547
10/19/2022,Twitter,video,1387,822,107,8228
6/19/2023,Facebook,image,1353,835,147,7420
1/15/2023,Facebook,video,2039,523,371,4780
11/13/2022,Twitter,image,1652,891,410,8741
9/18/2023,Twitter,video,528,207,341,6588
4/23/2023,Facebook,video,1288,893,328,8349
8/13/2023,Twitter,image,835,532,424,9236
